<?xml version="1.0"?>
<Specialization xmlns:xsi="http://www.w3.org/2001/XMLSchema-instance" xmlns:xsd="http://www.w3.org/2001/XMLSchema">
  <Key>ADVISOR</Key>
  <Name>Advisor</Name>
  <Description>[H4]Advisor[h4]
Not everyone who is skilled in the ways of the Force seeks to hold a position Of tremendous authority. In fact, some believe they would find it too easy to abuse their unique abilities if they placed themselves in a position of leadership. Instead, they choose to accept the Advisor's role to ensure they cannot be corrupted by the lure of power. Others feel their advice too valuable to limit to one planet or region and wander the stars, sowing the guidance of the Force wherever they might go. Socially adept and Force-sensitive characters with either of these philosophies can be excellent fits for the Advisor specialization. 

[P]Advisors acquire [B]Charm, Deception, Negotiation,[b] and [B]Streetwise[b] as additional career skills. If this is the characters starting specialization, he may choose two of these skills and gain one free rank in each, without spending starting experience. This combination enables Advisors to take a very pragmatic approach in working with others and offering them the guidance of the Force. An accomplished Advisor can quickly analyze the risks of a situation and then, using the necessary tools, influence the involved parties so that a desired outcome is rapidly achieved. A less scrupulous individual with these techniques could become a successful con artist. Advisors must be careful to avoid that fate. 

[P]Some Advisors attach themselves to a planetary government, helping to shape the rule of law and ensure fairness and justice for all. Many popular rulers have had wise Advisors at hand, helping ensure their policies do the most good for the greatest number. Other Advisors choose to work in less glamorous roles—often among the poor and the desperate. There, they try to counsel and guide individuals in dire straits, sometimes providing salvation to those who have lost all hope.</Description>
  <Source Page="81">Force and Destiny Core Rulebook</Source>
  <Custom>DescOnly</Custom>
  <CareerSkills>
    <Key>CHARM</Key>
    <Key>DECEP</Key>
    <Key>NEG</Key>
    <Key>SW</Key>
  </CareerSkills>
  <TalentRows>
    <TalentRow>
      <Cost>5</Cost>
      <Talents>
        <Key>PLAUSDEN</Key>
        <Key>KNOWSOM</Key>
        <Key>GRIT</Key>
        <Key>KILL</Key>
      </Talents>
      <Directions>
        <Direction>
          <Down>true</Down>
        </Direction>
        <Direction>
          <Down>true</Down>
        </Direction>
        <Direction>
          <Down>true</Down>
        </Direction>
        <Direction>
          <Down>true</Down>
        </Direction>
      </Directions>
    </TalentRow>
    <TalentRow>
      <Cost>10</Cost>
      <Talents>
        <Key>TOUGH</Key>
        <Key>KNOWSOM</Key>
        <Key>KNOWPOW</Key>
        <Key>NOBFOOL</Key>
      </Talents>
      <Directions>
        <Direction>
          <Up>true</Up>
          <Down>true</Down>
        </Direction>
        <Direction>
          <Up>true</Up>
        </Direction>
        <Direction>
          <Up>true</Up>
        </Direction>
        <Direction>
          <Up>true</Up>
          <Down>true</Down>
        </Direction>
      </Directions>
    </TalentRow>
    <TalentRow>
      <Cost>15</Cost>
      <Talents>
        <Key>GRIT</Key>
        <Key>SMOOTHTALK</Key>
        <Key>SMOOTHTALK</Key>
        <Key>PLAUSDEN</Key>
      </Talents>
      <Directions>
        <Direction>
          <Up>true</Up>
          <Down>true</Down>
        </Direction>
        <Direction>
          <Right>true</Right>
          <Down>true</Down>
        </Direction>
        <Direction>
          <Left>true</Left>
          <Right>true</Right>
          <Down>true</Down>
        </Direction>
        <Direction>
          <Left>true</Left>
          <Up>true</Up>
          <Down>true</Down>
        </Direction>
      </Directions>
    </TalentRow>
    <TalentRow>
      <Cost>20</Cost>
      <Talents>
        <Key>NOBFOOL</Key>
        <Key>NATCHARM</Key>
        <Key>CONTPLAN</Key>
        <Key>SENSDEMO</Key>
      </Talents>
      <Directions>
        <Direction>
          <Right>true</Right>
          <Up>true</Up>
          <Down>true</Down>
        </Direction>
        <Direction>
          <Left>true</Left>
          <Right>true</Right>
          <Up>true</Up>
        </Direction>
        <Direction>
          <Left>true</Left>
          <Right>true</Right>
          <Up>true</Up>
          <Down>true</Down>
        </Direction>
        <Direction>
          <Left>true</Left>
          <Up>true</Up>
          <Down>true</Down>
        </Direction>
      </Directions>
    </TalentRow>
    <TalentRow>
      <Cost>25</Cost>
      <Talents>
        <Key>DEDI</Key>
        <Key>STNERV</Key>
        <Key>FORCERAT</Key>
        <Key>SENSEADV</Key>
      </Talents>
      <Directions>
        <Direction>
          <Right>true</Right>
          <Up>true</Up>
        </Direction>
        <Direction>
          <Left>true</Left>
          <Right>true</Right>
        </Direction>
        <Direction>
          <Left>true</Left>
          <Up>true</Up>
        </Direction>
        <Direction>
          <Up>true</Up>
        </Direction>
      </Directions>
    </TalentRow>
  </TalentRows>
</Specialization>