<?xml version="1.0"?>
<Specialization xmlns:xsi="http://www.w3.org/2001/XMLSchema-instance" xmlns:xsd="http://www.w3.org/2001/XMLSchema">
  <Key>ALCHEMIST</Key>
  <Name>Alchemist</Name>
  <Description>[H4]Alchemist - Giving Life to the Inanimate[h4]
During the era of the Galactic Republic, the Jedi Order never embraced alchemy. Various spiritual orders that had worked in alchemy also allied with the dark side of the Force. The Sith, the Nightsisters of Dathomir, and the Frangawl Cult on Bardotta all used the dark side to power their weapons, talismans, and magicks. Whether or not the Jedi thought that alchemy led to the dark side of the Force has been lost to time. Perhaps the Order felt that giving life to the inanimate, pouring the Force into a dead object, replicated the act of giving life, of giving birth, or of playing god, and would cause the Jedi to become prideful.
[P]With the rise of the Empire and the loss of the Jedi Order, now no one can warn a potential Alchemist away from practicing this lost art. This might be just as well. Just like any technology, it isn't the object but the user that makes it good or bad, light or dark, useful or destructive. In addition, the Force flows through everything, even inanimate objects. Rocks have a measure of the Force in them. How else could a Jedi move them? With that reasoning, nothing should prevent a Jedi from imbuing a machine with the Force, save the Jedi's own fears, hatred, and obsessions.
[P]An Alchemist's additional career skills are [B]Knowledge (Education), Knowledge (Xenology), Medicine,[b] and [B]Resilience[b]. Upon character creation, if this is the character's first specialization, pick two of these skills to automatically gain one rank in each.
[P]The Jedi built their own lightsabers not only for ritual or training purposes, but to infuse a bit of their own essence into the weapon. The Jedi consciously and deliberately built these weapons both as a technical test and as a meditative test. It could be argued that a lightsaber contains the presence of its creator-and perhaps its user(s).
[P]Force alchemy extends this idea and discipline further, crafting physical objects infused with the power of the Force. These objects appear to have a life of their own, and in the eyes of a Force sensitive, perhaps they do. This creates a metaphysical conundrum: if an object possesses a measure of the Force, how is it different from a living being?
[P]Alchemists tend to focus on medicinal concoctions, since the healing of a physical body is the most direct method of using and influencing the Force. The flow of a medicine, tincture, salve, or draught mimics the flow of the Force. Alchemists can work in other materials, but this requires more training and attention. A malformed or malfunctioning machine can't be fixed with an infusion of the Force. In many ways, it might exacerbate the damage.
[P]Folktales and popular holovids of machines coming to life and terrorizing their creators and innocents may be based on true stories of Alchemists who fell to the dark side of the Force. Force-infused objects can be tortured as much as any living creature. When the Alchemist is a dark side user, alchemical machines take on a sinister and dangerous aura, "malfunctioning" to cause harm or, in the case of a weapon, increasing suffering when it does cause harm.</Description>
  <Source Page="26">Unlimited Power</Source>
  <Custom>AddedItem</Custom>
  <CareerSkills>
    <Key>EDU</Key>
    <Key>MED</Key>
    <Key>RESIL</Key>
    <Key>XEN</Key>
  </CareerSkills>
  <TalentRows>
    <TalentRow>
      <Cost>5</Cost>
      <Talents>
        <Key>GRIT</Key>
        <Key>STIMSPEC</Key>
        <Key>RESEARCH</Key>
        <Key>BLO</Key>
      </Talents>
      <Directions>
        <Direction />
        <Direction>
          <Down>true</Down>
        </Direction>
        <Direction />
        <Direction>
          <Down>true</Down>
        </Direction>
      </Directions>
    </TalentRow>
    <TalentRow>
      <Cost>10</Cost>
      <Talents>
        <Key>RESEARCH</Key>
        <Key>STIMAP</Key>
        <Key>ALCHARTS</Key>
        <Key>GRIT</Key>
      </Talents>
      <Directions>
        <Direction>
          <Right>true</Right>
          <Down>true</Down>
        </Direction>
        <Direction>
          <Left>true</Left>
          <Right>true</Right>
          <Up>true</Up>
          <Down>true</Down>
        </Direction>
        <Direction>
          <Left>true</Left>
          <Right>true</Right>
        </Direction>
        <Direction>
          <Left>true</Left>
          <Up>true</Up>
          <Down>true</Down>
        </Direction>
      </Directions>
    </TalentRow>
    <TalentRow>
      <Cost>15</Cost>
      <Talents>
        <Key>STIMSPEC</Key>
        <Key>BLO</Key>
        <Key>BLOIMP</Key>
        <Key>TRANSMOG</Key>
      </Talents>
      <Directions>
        <Direction>
          <Right>true</Right>
          <Up>true</Up>
        </Direction>
        <Direction>
          <Left>true</Left>
          <Right>true</Right>
          <Up>true</Up>
          <Down>true</Down>
        </Direction>
        <Direction>
          <Left>true</Left>
        </Direction>
        <Direction>
          <Up>true</Up>
          <Down>true</Down>
        </Direction>
      </Directions>
    </TalentRow>
    <TalentRow>
      <Cost>20</Cost>
      <Talents>
        <Key>STIMAPIMP</Key>
        <Key>KNOWHEAL</Key>
        <Key>GRIT</Key>
        <Key>ALCHARTS</Key>
      </Talents>
      <Directions>
        <Direction>
          <Right>true</Right>
        </Direction>
        <Direction>
          <Left>true</Left>
          <Up>true</Up>
          <Down>true</Down>
        </Direction>
        <Direction>
          <Right>true</Right>
          <Down>true</Down>
        </Direction>
        <Direction>
          <Left>true</Left>
          <Up>true</Up>
          <Down>true</Down>
        </Direction>
      </Directions>
    </TalentRow>
    <TalentRow>
      <Cost>25</Cost>
      <Talents>
        <Key>FORCERAT</Key>
        <Key>IDENING</Key>
        <Key>DEDI</Key>
        <Key>IMPCONC</Key>
      </Talents>
      <Directions>
        <Direction>
          <Right>true</Right>
        </Direction>
        <Direction>
          <Left>true</Left>
          <Right>true</Right>
          <Up>true</Up>
        </Direction>
        <Direction>
          <Left>true</Left>
          <Up>true</Up>
        </Direction>
        <Direction>
          <Up>true</Up>
        </Direction>
      </Directions>
    </TalentRow>
  </TalentRows>
</Specialization>