<?xml version="1.0"?>
<Specialization xmlns:xsi="http://www.w3.org/2001/XMLSchema-instance" xmlns:xsd="http://www.w3.org/2001/XMLSchema">
  <Key>ASCETIC</Key>
  <Name>Ascetic</Name>
  <Description>[H4]Ascetic[h4]

There are many paths that might lead one to the role of Ascetic. Whether they are particularly sensitive and seek seclusion to contend with some failure that haunts their steps or wish to contemplate the greater role of the Force in the galaxy at large. Ascetics are individuals driven to a calmer, more contemplative approach to their life, their needs, and their place in the galaxy. They do not seek to gather credits, possessions, or laurels, but rather judge their worth by the depth of their understanding of and communion with the Force.
[P]Ascetic receive [B]Athletics, Descipline, Resilience,[b] and [B]Vigilance[b] as additional career skills. Characters who select this as their starting specialization may choose two of these skills and gain one free rank in each without spending starting experience. While most Consulars focus on the acquisition of helpful skills and abilities, Ascetics concentrate on honing their own mind to a razor focus. As a result, they are likely to have a higher strain threshold than any other Consular specialization, and they have the versatility to work their way through almost any difficulty. An Ascetic has spent a considerable time living on the fringes of society, learning to make do with whatever materials and facilities were on hand regardless of their apparent functionality or crude construction. Ascetics may be out of practice in social interactions and interpersonal communication, but the awareness and resilience they have gained through their trials, as well, as the physical strength their chosen path has earned them, can be invaluable to a group when more refined, civilized plans have failed.
[P]An Ascetic may be found almost anywhere, from the urban wastelands and undercities of the Core Worlds to the most inhospitable and isolated corners of the Outer Rim. The distractions and demands of the outside world can jar even the most focussed, powerful minds from the spiritual path. Those who retreat from the noise and the chaos follow the path of the Ascetic. There are times when even the greatest must set themselves apart, focusing on the spheres of the spirit and the mind to the exclusion of all else. By embracing isolation and hardship, many Consulars are able to realize levels of potential that more mundane training techniques could never unleash.
[P]Many Ascetics have chosen their lonely path of deprivation and meditation to plumb the depths of a specific mystery, a troubling event in the balance of the galaxy, or a great personal failing. The growth made possible through this introspection and self-denial means that when Ascetics choose to emerge from their self-imposed exile, they are ideally suited to confront any situation, with the adaptibility of hard-won experience. Often Consulars will surface from such isolation to take up a particular cause or purpose, driven from quiet contemplation of the galaxy by a troubling imbalance sensed from the depths of their serenity.
[P]The Ascetic can well prove to be one of the most versatile characters in his group. Between his high strain threshold, demanding physical training, and versatility bread through voluntary deprivation, an Ascetic can often provide flexible, insightful leadership to his group. Although perhaps lacking in some of the more subtle social skills of other Consulars, an Ascetic knows that meditation on the Force can only take one so far. The knowledge earned through such rigorous contemplation must eventually be put to use in the galaxy at large, either through teaching or direct action, to better bring balance to the Force.</Description>
  <Source Page="24">Disciples of Harmony</Source>
  <Custom>DescOnly</Custom>
  <CareerSkills>
    <Key>ATHL</Key>
    <Key>DISC</Key>
    <Key>RESIL</Key>
    <Key>VIGIL</Key>
  </CareerSkills>
  <TalentRows>
    <TalentRow>
      <Cost>5</Cost>
      <Talents>
        <Key>PHYSTRAIN</Key>
        <Key>CONF</Key>
        <Key>GRIT</Key>
        <Key>GRIT</Key>
      </Talents>
      <Directions>
        <Direction>
          <Down>true</Down>
        </Direction>
        <Direction>
          <Down>true</Down>
        </Direction>
        <Direction />
        <Direction>
          <Down>true</Down>
        </Direction>
      </Directions>
    </TalentRow>
    <TalentRow>
      <Cost>10</Cost>
      <Talents>
        <Key>GRIT</Key>
        <Key>FORCEPROT</Key>
        <Key>GRIT</Key>
        <Key>GOWITHOUT</Key>
      </Talents>
      <Directions>
        <Direction>
          <Up>true</Up>
          <Down>true</Down>
        </Direction>
        <Direction>
          <Right>true</Right>
          <Up>true</Up>
        </Direction>
        <Direction>
          <Left>true</Left>
          <Right>true</Right>
          <Down>true</Down>
        </Direction>
        <Direction>
          <Left>true</Left>
          <Up>true</Up>
        </Direction>
      </Directions>
    </TalentRow>
    <TalentRow>
      <Cost>15</Cost>
      <Talents>
        <Key>MEDTRANCE</Key>
        <Key>SLIPMIND</Key>
        <Key>INTENSFOC</Key>
        <Key>PHYSTRAIN</Key>
      </Talents>
      <Directions>
        <Direction>
          <Up>true</Up>
          <Down>true</Down>
        </Direction>
        <Direction>
          <Right>true</Right>
        </Direction>
        <Direction>
          <Left>true</Left>
          <Right>true</Right>
          <Up>true</Up>
          <Down>true</Down>
        </Direction>
        <Direction>
          <Left>true</Left>
        </Direction>
      </Directions>
    </TalentRow>
    <TalentRow>
      <Cost>20</Cost>
      <Talents>
        <Key>CONF</Key>
        <Key>MINDBLEED</Key>
        <Key>FORCEPROT</Key>
        <Key>IRONSOUL</Key>
      </Talents>
      <Directions>
        <Direction>
          <Right>true</Right>
          <Up>true</Up>
          <Down>true</Down>
        </Direction>
        <Direction>
          <Left>true</Left>
          <Right>true</Right>
        </Direction>
        <Direction>
          <Left>true</Left>
          <Right>true</Right>
          <Up>true</Up>
          <Down>true</Down>
        </Direction>
        <Direction>
          <Left>true</Left>
          <Down>true</Down>
        </Direction>
      </Directions>
    </TalentRow>
    <TalentRow>
      <Cost>25</Cost>
      <Talents>
        <Key>DEDI</Key>
        <Key>GRIT</Key>
        <Key>EMPTYSOUL</Key>
        <Key>FORCERAT</Key>
      </Talents>
      <Directions>
        <Direction>
          <Right>true</Right>
          <Up>true</Up>
        </Direction>
        <Direction>
          <Left>true</Left>
          <Right>true</Right>
        </Direction>
        <Direction>
          <Left>true</Left>
          <Up>true</Up>
        </Direction>
        <Direction>
          <Up>true</Up>
        </Direction>
      </Directions>
    </TalentRow>
  </TalentRows>
</Specialization>