<?xml version="1.0"?>
<Specialization xmlns:xsi="http://www.w3.org/2001/XMLSchema-instance" xmlns:xsd="http://www.w3.org/2001/XMLSchema">
  <Key>GUNNER</Key>
  <Name>Gunner</Name>
  <Description>
    [H4]Gunner - Always on Target[h4]

For the Gunner, the output of a vehicle or ship weapon is the ultimate expression of projected power. He sees mastery of such weapons as a way for a single person to show the Empire what it means to fight for freedom and justice, and to do so to great effectiveness. He also sees his role as the defender of all who ride with him in whatever vehicle he's crewing. 

[P]Gunners gain [B]Discipline, Gunnery, Ranged (Heavy),[b] and [B]Resilience[b] as additional career skills; they get a free rank in two of these if this is their first specialization. Gunners are often faced with terrifying odds or unknown threats requiring nerves of steel. When their positions are overrun, hand-to-hand fighting is often the only choice they have. Larger blasters and similar ranged weapons are also often of interest to the Gunner. 

[P]Whether the Gunner is laying down a field of fire from the door of a transport ship in a hot landing zone or firing pinpoint volleys at a star cruiser's shield generators, he is more than comfortable with the idea of possessing large amounts of firepower. He knows the value of what he does, and the sheer thrill of unleashing so much devastation with each pull of the trigger is very satisfying. The resultant explosion of an enemy target is a payoff worth far more than any moment of glory. 

[P]Proficient Gunners are a true asset in the Alliance, and the best ones are usually assigned to the most important defensive posts, assault vehicles, and ships. In most battles with the Empire, every single shot counts. It's the Gunner's job to make sure it counts heavily and with great purpose.</Description>
  <Source Page="68">Age of Rebellion Core Rulebook</Source>
  <Custom>DescOnly</Custom>
  <CareerSkills>
    <Key>DISC</Key>
    <Key>GUNN</Key>
    <Key>RESIL</Key>
    <Key>RANGHVY</Key>
  </CareerSkills>
  <TalentRows>
    <TalentRow>
      <Cost>5</Cost>
      <Talents>
        <Key>DURA</Key>
        <Key>GRIT</Key>
        <Key>OVERDEF</Key>
        <Key>DEPSHOT</Key>
      </Talents>
      <Directions>
        <Direction>
          <Down>true</Down>
        </Direction>
        <Direction />
        <Direction>
          <Down>true</Down>
        </Direction>
        <Direction>
          <Down>true</Down>
        </Direction>
      </Directions>
    </TalentRow>
    <TalentRow>
      <Index>1</Index>
      <Cost>10</Cost>
      <Talents>
        <Key>TOUGH</Key>
        <Key>BRA</Key>
        <Key>SPARECL</Key>
        <Key>TRUEAIM</Key>
      </Talents>
      <Directions>
        <Direction>
          <Right>true</Right>
          <Up>true</Up>
        </Direction>
        <Direction>
          <Left>true</Left>
          <Right>true</Right>
          <Down>true</Down>
        </Direction>
        <Direction>
          <Left>true</Left>
          <Up>true</Up>
          <Down>true</Down>
        </Direction>
        <Direction>
          <Up>true</Up>
          <Down>true</Down>
        </Direction>
      </Directions>
    </TalentRow>
    <TalentRow>
      <Index>2</Index>
      <Cost>15</Cost>
      <Talents>
        <Key>DURA</Key>
        <Key>ENDUR</Key>
        <Key>JURY</Key>
        <Key>OVERDEF</Key>
      </Talents>
      <Directions>
        <Direction>
          <Right>true</Right>
          <Down>true</Down>
        </Direction>
        <Direction>
          <Left>true</Left>
          <Up>true</Up>
        </Direction>
        <Direction>
          <Up>true</Up>
          <Down>true</Down>
        </Direction>
        <Direction>
          <Up>true</Up>
          <Down>true</Down>
        </Direction>
      </Directions>
    </TalentRow>
    <TalentRow>
      <Index>3</Index>
      <Cost>20</Cost>
      <Talents>
        <Key>TOUGH</Key>
        <Key>ENDUR</Key>
        <Key>BRA</Key>
        <Key>EXHPORT</Key>
      </Talents>
      <Directions>
        <Direction>
          <Right>true</Right>
          <Up>true</Up>
          <Down>true</Down>
        </Direction>
        <Direction>
          <Left>true</Left>
          <Right>true</Right>
          <Down>true</Down>
        </Direction>
        <Direction>
          <Left>true</Left>
          <Up>true</Up>
        </Direction>
        <Direction>
          <Up>true</Up>
          <Down>true</Down>
        </Direction>
      </Directions>
    </TalentRow>
    <TalentRow>
      <Index>4</Index>
      <Cost>25</Cost>
      <Talents>
        <Key>HERO</Key>
        <Key>JURY</Key>
        <Key>DEDI</Key>
        <Key>TRUEAIM</Key>
      </Talents>
      <Directions>
        <Direction>
          <Right>true</Right>
          <Up>true</Up>
        </Direction>
        <Direction>
          <Left>true</Left>
          <Right>true</Right>
          <Up>true</Up>
        </Direction>
        <Direction>
          <Left>true</Left>
          <Right>true</Right>
        </Direction>
        <Direction>
          <Left>true</Left>
          <Up>true</Up>
        </Direction>
      </Directions>
    </TalentRow>
  </TalentRows>
</Specialization>