<?xml version="1.0"?>
<Specialization xmlns:xsi="http://www.w3.org/2001/XMLSchema-instance" xmlns:xsd="http://www.w3.org/2001/XMLSchema">
  <Key>INTERROGATOR</Key>
  <Name>Interrogator</Name>
  <Description>[H4] Interrogator – Ensuring Answers[h4]
A portion of the most critical military intelligence is never officially documented. Some parts might not even seem like valuable information at first. A Slicer may never uncover a minister's esoteric hobbies that could be used for blackmail. An Infiltrator might not recognize that an old plaque conceals a datachip loaded with secrets. Skilled Interrogators, however, can uncover secrets that their subjects might not even recognize they possess. Often, this requires that the subject be captured first, but some operatives are so skilled and subtle that they can extract secrets from targets through casual conversation without letting the targets realize what has happened. These specialists grant the Rebellion unexpected and unorthodox advantages that it needs to succeed against enormous odds.
[P]Interrogators acquire [B]Charm, Coercion, Medicine,[b] and [B]Perception[b] as additional career skills. If this is the character's starting specialization, the player may choose two of these skills and gain one free rank in each without spending starting experience.
[P]In order to successfully question a target, an Interrogator needs to have some background info about the subject, possibly including personality traits, loved ones, and interests, in addition to knowing what type of information to seek. Personal history is critical to gaining leverage over a target. Interrogators must be versed in a range of information extraction techniques so that they can determine the best method for a particular foe. Physical coercion can work effectively against some enemies, but for others, psychological attacks are far more efficient. Recognizing the best technique and having the appropriate tools readily available makes each interrogation faster and the results more reliable. 
[P]A physically imposing questioner may rely upon violence, and this technique can sometimes be effective. However it is invariably cruel. Further, Imperial officers are trained to resist these techniques, reducing their efficacy. Additionally, some subjects recognize that the consequences for giving in to this type of torture can be as severe as those for resisting it. For these reasons, the most effective of interrogations eschew physical techniques for social ones.
[P]Many Interrogators instead use a combination of Charm and Deception to effectively draw information from their subjects. They may intimidate through threats—often to the subject's friends, family, or special interests—rather than direct violence. Demonstrations of power over those other parties can provide additional leverage, though such demonstrations may be fabricated as necessary.</Description>
  <Source Page="26">Cyphers and Masks</Source>
  <Custom>AddedItem</Custom>
  <CareerSkills>
    <Key>CHARM</Key>
    <Key>COERC</Key>
    <Key>MED</Key>
    <Key>PERC</Key>
  </CareerSkills>
  <TalentRows>
    <TalentRow>
      <Cost>5</Cost>
      <Talents>
        <Key>INTIM</Key>
        <Key>GRIT</Key>
        <Key>SURG</Key>
        <Key>NOBFOOL</Key>
      </Talents>
      <Directions>
        <Direction>
          <Down>true</Down>
        </Direction>
        <Direction />
        <Direction />
        <Direction>
          <Down>true</Down>
        </Direction>
      </Directions>
    </TalentRow>
    <TalentRow>
      <Cost>10</Cost>
      <Talents>
        <Key>BADCOP</Key>
        <Key>GRIT</Key>
        <Key>SURG</Key>
        <Key>GOODCOP</Key>
      </Talents>
      <Directions>
        <Direction>
          <Right>true</Right>
          <Up>true</Up>
          <Down>true</Down>
        </Direction>
        <Direction>
          <Left>true</Left>
          <Right>true</Right>
          <Down>true</Down>
        </Direction>
        <Direction>
          <Left>true</Left>
          <Right>true</Right>
        </Direction>
        <Direction>
          <Left>true</Left>
          <Up>true</Up>
          <Down>true</Down>
        </Direction>
      </Directions>
    </TalentRow>
    <TalentRow>
      <Cost>15</Cost>
      <Talents>
        <Key>RESQUEST</Key>
        <Key>BADCOP</Key>
        <Key>NOBFOOL</Key>
        <Key>KNOWEAK</Key>
      </Talents>
      <Directions>
        <Direction>
          <Right>true</Right>
          <Up>true</Up>
        </Direction>
        <Direction>
          <Left>true</Left>
          <Up>true</Up>
          <Down>true</Down>
        </Direction>
        <Direction>
          <Down>true</Down>
        </Direction>
        <Direction>
          <Up>true</Up>
          <Down>true</Down>
        </Direction>
      </Directions>
    </TalentRow>
    <TalentRow>
      <Cost>20</Cost>
      <Talents>
        <Key>RESQUESTIMP</Key>
        <Key>INTIM</Key>
        <Key>KNOWEAK</Key>
        <Key>KNOWWEAKIMP</Key>
      </Talents>
      <Directions>
        <Direction>
          <Right>true</Right>
        </Direction>
        <Direction>
          <Left>true</Left>
          <Right>true</Right>
          <Up>true</Up>
          <Down>true</Down>
        </Direction>
        <Direction>
          <Left>true</Left>
          <Right>true</Right>
          <Up>true</Up>
          <Down>true</Down>
        </Direction>
        <Direction>
          <Left>true</Left>
          <Up>true</Up>
        </Direction>
      </Directions>
    </TalentRow>
    <TalentRow>
      <Cost>25</Cost>
      <Talents>
        <Key>PRESPNT</Key>
        <Key>EXHAUSTQUEST</Key>
        <Key>MADEYOUTALK</Key>
        <Key>DEDI</Key>
      </Talents>
      <Directions>
        <Direction>
          <Right>true</Right>
        </Direction>
        <Direction>
          <Left>true</Left>
          <Right>true</Right>
          <Up>true</Up>
        </Direction>
        <Direction>
          <Left>true</Left>
          <Right>true</Right>
          <Up>true</Up>
        </Direction>
        <Direction>
          <Left>true</Left>
        </Direction>
      </Directions>
    </TalentRow>
  </TalentRows>
</Specialization>