<?xml version="1.0"?>
<Specialization xmlns:xsi="http://www.w3.org/2001/XMLSchema-instance" xmlns:xsd="http://www.w3.org/2001/XMLSchema">
  <Key>MEDIC</Key>
  <Name>Medic</Name>
  <Description>
    [H4]Medic - Save the Team[h4]

The Alliance cannot afford to fight a war of attrition the way the Empire can. The enemy can pour thousands of stormtroopers and other forces into a meat-grinder of a battle, taking horrific casualties, without blinking an eye over its losses. Every soldier of the Rebellion is, on the other hand, a valuable asset whose loss Alliance High Command feels keenly. The Medic serves to prevent as many of those losses as possible. 

[P]Medics go into the field with [B]Knowledge (Xenology), Medicine, Resilience,[b] and [B]Vigilance[b] as additional career skills; if this is the first specialization taken, two of these four begin with a free rank. Medics know how to keep their head when everyone else is panicking, and they know how to be prepared for any contingency. They are skilled at treating the wounds of anyone in their unit, regardless of species. 

[P]Many folks think Medics are inherent pacifists. While a Medic might prefer to save a life rather than take it, most realize the necessity of fighting and violence for a greater cause, and are more than ready to strike down an enemy in order to save a comrade. Medics tend to see no one as expendable, which can make them difficult to deal with when a commander wants to pull a team out of a situation and there's a chance any of those on the deck could still be alive. 

[P]The vast majority of Alliance troopers greatly revere the Medics in their units, knowing these brave men and women are often the only thing standing in the way between them and death. Alliance Medics are famous for taking ridiculous risks in the middle of terrible battles just for the chance to save one more Rebellion fighter.</Description>
  <Source Page="92">Age of Rebellion Core Rulebook</Source>
  <Custom>DescOnly</Custom>
  <CareerSkills>
    <Key>MED</Key>
    <Key>RESIL</Key>
    <Key>VIGIL</Key>
    <Key>XEN</Key>
  </CareerSkills>
  <TalentRows>
    <TalentRow>
      <Cost>5</Cost>
      <Talents>
        <Key>FORAG</Key>
        <Key>STIMSPEC</Key>
        <Key>GRIT</Key>
        <Key>SURG</Key>
      </Talents>
      <Directions>
        <Direction>
          <Down>true</Down>
        </Direction>
        <Direction />
        <Direction />
        <Direction>
          <Down>true</Down>
        </Direction>
      </Directions>
    </TalentRow>
    <TalentRow>
      <Index>1</Index>
      <Cost>10</Cost>
      <Talents>
        <Key>TOUGH</Key>
        <Key>SURG</Key>
        <Key>STIMSPEC</Key>
        <Key>BACT</Key>
      </Talents>
      <Directions>
        <Direction>
          <Up>true</Up>
          <Down>true</Down>
        </Direction>
        <Direction>
          <Right>true</Right>
          <Down>true</Down>
        </Direction>
        <Direction>
          <Left>true</Left>
          <Right>true</Right>
          <Down>true</Down>
        </Direction>
        <Direction>
          <Left>true</Left>
          <Up>true</Up>
        </Direction>
      </Directions>
    </TalentRow>
    <TalentRow>
      <Index>2</Index>
      <Cost>15</Cost>
      <Talents>
        <Key>WELLROUND</Key>
        <Key>GRIT</Key>
        <Key>STIMAP</Key>
        <Key>MASDOC</Key>
      </Talents>
      <Directions>
        <Direction>
          <Up>true</Up>
          <Down>true</Down>
        </Direction>
        <Direction>
          <Right>true</Right>
          <Up>true</Up>
          <Down>true</Down>
        </Direction>
        <Direction>
          <Left>true</Left>
          <Right>true</Right>
          <Up>true</Up>
          <Down>true</Down>
        </Direction>
        <Direction>
          <Left>true</Left>
        </Direction>
      </Directions>
    </TalentRow>
    <TalentRow>
      <Index>3</Index>
      <Cost>20</Cost>
      <Talents>
        <Key>DODGE</Key>
        <Key>NATDOC</Key>
        <Key>STIMAPIMP</Key>
        <Key>STIMSPEC</Key>
      </Talents>
      <Directions>
        <Direction>
          <Up>true</Up>
          <Down>true</Down>
        </Direction>
        <Direction>
          <Up>true</Up>
          <Down>true</Down>
        </Direction>
        <Direction>
          <Right>true</Right>
          <Up>true</Up>
          <Down>true</Down>
        </Direction>
        <Direction>
          <Left>true</Left>
          <Down>true</Down>
        </Direction>
      </Directions>
    </TalentRow>
    <TalentRow>
      <Index>4</Index>
      <Cost>25</Cost>
      <Talents>
        <Key>ANAT</Key>
        <Key>DEDI</Key>
        <Key>ITSNOTTHATBAD</Key>
        <Key>STIMAPSUP</Key>
      </Talents>
      <Directions>
        <Direction>
          <Up>true</Up>
        </Direction>
        <Direction>
          <Right>true</Right>
          <Up>true</Up>
        </Direction>
        <Direction>
          <Left>true</Left>
          <Up>true</Up>
        </Direction>
        <Direction>
          <Up>true</Up>
        </Direction>
      </Directions>
    </TalentRow>
  </TalentRows>
</Specialization>