<?xml version="1.0"?>
<Specialization xmlns:xsi="http://www.w3.org/2001/XMLSchema-instance" xmlns:xsd="http://www.w3.org/2001/XMLSchema">
  <Key>OPERATOR</Key>
  <Name>Operator</Name>
  <Description>[H4]Operator[h4]
To catch a target, a Bounty Hunter must be fast, and even the swiftest sentient being cannot hope to outrace a speeder or starship on foot. An Operator prefers to undertake all pursuits from within a vehicle or spacecraft, keeping the target in sight with deft maneuvering and on the run with withering firepower. In a high-speed chase, few characters can match an Operator's expertise, and fewer still are prepared for the arsenal of daring moves and dirty tricks she can unleash.
[P]In addition to the Bounty Hunter's eight career skills, the operator recieves [B]Astrogation[b], [B]Gunnery[b], [B]PIloting (Planetary)[b], and [B]Piloting (Space)[b] as bonus career skills. If this is the character's starting specialization, the Operator may choose two of these skills and gain one free rank in each without spending starting experience.
[P]A high Agility rating always benefits an Operator, especially when paired with a solid investment in Gunnery and Piloting (Planetary) or Piloting (Space), depending on the Operator's preferred vehicle. An Operator also benefits from an investment in Intellect, as this characteristic is used for both the Astrogation skill—critical in tracking quarry across the galaxy—and for the Mechanics skill.
[P]Even if the Operator is not the groups's technical expert, having a strong Intellect and a rank or two of Mechanics means that the Operator can make repairs on the fly. After all, most Operators put their craft through its paces (and even push beyond its limits from time to time). Knowing how to fix an overtaxed engine can be the difference between staying on the trail and drifting for weeks, waiting  for a repair team to arrive. Any Bounty Hunter who has spent time adrift in space knows full well the value of being able to perform one's own repairs.
[P]Operators are sometimes lone wolves, chasing their targets across the gulfs between the stars with no company but a trusty ship. However, many Operators are part of teams of bounty hunters, conveying their comrades on to the location of their foes and running starship interference while they capture targets on the ground. Some such Operators are loathe to leave their ships entirely, though disembarking from time to time is usually unavoidable on the hunt.
[P]Unlike many other specializations focused on piloting, Operators need to disable enemy ships rather than just destroy them. The Operator specialization gives a character access to numerous talents that help bring targets to a halt, inlcuding Debilitating Shot, Hundering Shot, Overwhelm Defenses, and Offensive Driving. All of these abilites are useful for taking down fleeing starships—or, in a pinch, disabling the vessels of rival bounty hunters pursuing the same quarry.</Description>
  <Source Page="30">No Disintegrations</Source>
  <Custom>DescOnly</Custom>
  <CareerSkills>
    <Key>ASTRO</Key>
    <Key>GUNN</Key>
    <Key>PILOTPL</Key>
    <Key>PILOTSP</Key>
  </CareerSkills>
  <TalentRows>
    <TalentRow>
      <Cost>5</Cost>
      <Talents>
        <Key>GRIT</Key>
        <Key>GALMAP</Key>
        <Key>SHORTCUT</Key>
        <Key>OVERDEF</Key>
      </Talents>
      <Directions>
        <Direction>
          <Down>true</Down>
        </Direction>
        <Direction />
        <Direction>
          <Down>true</Down>
        </Direction>
        <Direction>
          <Down>true</Down>
        </Direction>
      </Directions>
    </TalentRow>
    <TalentRow>
      <Cost>10</Cost>
      <Talents>
        <Key>FULLTH</Key>
        <Key>PLANMAP</Key>
        <Key>GRIT</Key>
        <Key>DEPSHOT</Key>
      </Talents>
      <Directions>
        <Direction>
          <Right>true</Right>
          <Up>true</Up>
          <Down>true</Down>
        </Direction>
        <Direction>
          <Left>true</Left>
          <Down>true</Down>
        </Direction>
        <Direction>
          <Right>true</Right>
          <Up>true</Up>
          <Down>true</Down>
        </Direction>
        <Direction>
          <Left>true</Left>
          <Up>true</Up>
          <Down>true</Down>
        </Direction>
      </Directions>
    </TalentRow>
    <TalentRow>
      <Cost>15</Cost>
      <Talents>
        <Key>SKILLJOCK</Key>
        <Key>ALLTERDRIV</Key>
        <Key>OFFDRIVE</Key>
        <Key>GRIT</Key>
      </Talents>
      <Directions>
        <Direction>
          <Up>true</Up>
          <Down>true</Down>
        </Direction>
        <Direction>
          <Right>true</Right>
          <Up>true</Up>
          <Down>true</Down>
        </Direction>
        <Direction>
          <Left>true</Left>
          <Right>true</Right>
          <Up>true</Up>
          <Down>true</Down>
        </Direction>
        <Direction>
          <Left>true</Left>
          <Up>true</Up>
          <Down>true</Down>
        </Direction>
      </Directions>
    </TalentRow>
    <TalentRow>
      <Cost>20</Cost>
      <Talents>
        <Key>LETSRIDE</Key>
        <Key>SHORTCUT</Key>
        <Key>GRIT</Key>
        <Key>OVERDEF</Key>
      </Talents>
      <Directions>
        <Direction>
          <Right>true</Right>
          <Up>true</Up>
          <Down>true</Down>
        </Direction>
        <Direction>
          <Left>true</Left>
          <Right>true</Right>
          <Up>true</Up>
          <Down>true</Down>
        </Direction>
        <Direction>
          <Left>true</Left>
          <Right>true</Right>
          <Up>true</Up>
          <Down>true</Down>
        </Direction>
        <Direction>
          <Left>true</Left>
          <Up>true</Up>
          <Down>true</Down>
        </Direction>
      </Directions>
    </TalentRow>
    <TalentRow>
      <Cost>25</Cost>
      <Talents>
        <Key>DEDI</Key>
        <Key>SHORTCUTIMP</Key>
        <Key>SKILLJOCK</Key>
        <Key>HINDERSHOT</Key>
      </Talents>
      <Directions>
        <Direction>
          <Right>true</Right>
          <Up>true</Up>
        </Direction>
        <Direction>
          <Left>true</Left>
          <Right>true</Right>
          <Up>true</Up>
        </Direction>
        <Direction>
          <Left>true</Left>
          <Up>true</Up>
        </Direction>
        <Direction>
          <Up>true</Up>
        </Direction>
      </Directions>
    </TalentRow>
  </TalentRows>
</Specialization>