<?xml version="1.0"?>
<Specialization xmlns:xsi="http://www.w3.org/2001/XMLSchema-instance" xmlns:xsd="http://www.w3.org/2001/XMLSchema">
  <Key>SCIENTIST</Key>
  <Name>Scientist</Name>
  <Description>
    [H4]Scientist - Making New Things[h4]

With a fraction of the resources and funding of the Empire, the Alliance is constantly forced to find creative solutions to problems. These problems include matters of supply, housing, transport, effective weaponry and defenses, and a host of others. The people they turn to for those creative solutions are those who are trained and driven to identify a need and seek out a technical solution to it—in other words, Scientists. 

[P]The additional career skills for Scientists are [B]Computers, Knowledge (Education), Knowledge (Lore),[b] and [B]Medicine[b]. If this is a first specialization, the PC gains a free rank in two of these skills. Unsurprisingly, Scientists are among the most educated people in the galaxy, with a wide range of advanced knowledge in areas such as medicine and celestial mechanics. 

[P]Most Scientists pursue their work in labs, rarely venturing out into the greater galaxy. Their lives are spent on theories and research, pondering the latest mysteries of the universe comfortably away from conflict and strife. Some Scientists, however, seek the satisfaction of bringing their theories and their ideas into the galaxy in order to help others. They design solutions, help create of the technology to implement those solutions, and actively test and use those solutions alongside others who are also trying to help make life better.

[P]Though Alliance officials prefer to keep Scientists in the rear echelons, as far away from danger and risk as possible, there are more than a few who insist on being the ones to test their new devices directly in the held. Further, some Scientists sign on with the Rebellion for the express purpose of taking the fight to the Empire; they're just as prepared to fire a blaster at a stormtrooper as they are to devise a way to improve the power flow for that blaster to do more damage.</Description>
  <Source Page="87">Age of Rebellion Core Rulebook</Source>
  <Custom>DescOnly</Custom>
  <CareerSkills>
    <Key>COMP</Key>
    <Key>EDU</Key>
    <Key>LORE</Key>
    <Key>MED</Key>
  </CareerSkills>
  <TalentRows>
    <TalentRow>
      <Cost>5</Cost>
      <Talents>
        <Key>KNOWSPEC</Key>
        <Key>RESPSCHOL</Key>
        <Key>RESEARCH</Key>
        <Key>SPKBIN</Key>
      </Talents>
      <Directions>
        <Direction>
          <Down>true</Down>
        </Direction>
        <Direction />
        <Direction />
        <Direction>
          <Down>true</Down>
        </Direction>
      </Directions>
    </TalentRow>
    <TalentRow>
      <Index>1</Index>
      <Cost>10</Cost>
      <Talents>
        <Key>RESEARCH</Key>
        <Key>KNOWSPEC</Key>
        <Key>HIDD</Key>
        <Key>TINK</Key>
      </Talents>
      <Directions>
        <Direction>
          <Right>true</Right>
          <Up>true</Up>
          <Down>true</Down>
        </Direction>
        <Direction>
          <Left>true</Left>
        </Direction>
        <Direction>
          <Right>true</Right>
        </Direction>
        <Direction>
          <Left>true</Left>
          <Up>true</Up>
          <Down>true</Down>
        </Direction>
      </Directions>
    </TalentRow>
    <TalentRow>
      <Index>2</Index>
      <Cost>15</Cost>
      <Talents>
        <Key>RESPSCHOL</Key>
        <Key>MENTFOR</Key>
        <Key>SPKBIN</Key>
        <Key>INVENT</Key>
      </Talents>
      <Directions>
        <Direction>
          <Right>true</Right>
          <Up>true</Up>
          <Down>true</Down>
        </Direction>
        <Direction>
          <Left>true</Left>
        </Direction>
        <Direction>
          <Right>true</Right>
        </Direction>
        <Direction>
          <Left>true</Left>
          <Up>true</Up>
          <Down>true</Down>
        </Direction>
      </Directions>
    </TalentRow>
    <TalentRow>
      <Index>3</Index>
      <Cost>20</Cost>
      <Talents>
        <Key>NATSCH</Key>
        <Key>STRGEN</Key>
        <Key>INVENT</Key>
        <Key>TINK</Key>
      </Talents>
      <Directions>
        <Direction>
          <Right>true</Right>
          <Up>true</Up>
          <Down>true</Down>
        </Direction>
        <Direction>
          <Left>true</Left>
        </Direction>
        <Direction>
          <Right>true</Right>
        </Direction>
        <Direction>
          <Left>true</Left>
          <Up>true</Up>
          <Down>true</Down>
        </Direction>
      </Directions>
    </TalentRow>
    <TalentRow>
      <Index>4</Index>
      <Cost>25</Cost>
      <Talents>
        <Key>INTENSFOC</Key>
        <Key>CAREPLAN</Key>
        <Key>DEDI</Key>
        <Key>UTIL</Key>
      </Talents>
      <Directions>
        <Direction>
          <Right>true</Right>
          <Up>true</Up>
        </Direction>
        <Direction>
          <Left>true</Left>
          <Right>true</Right>
        </Direction>
        <Direction>
          <Left>true</Left>
          <Right>true</Right>
        </Direction>
        <Direction>
          <Left>true</Left>
          <Up>true</Up>
        </Direction>
      </Directions>
    </TalentRow>
  </TalentRows>
</Specialization>