<?xml version="1.0"?>
<Specialization xmlns:xsi="http://www.w3.org/2001/XMLSchema-instance" xmlns:xsd="http://www.w3.org/2001/XMLSchema">
  <Key>SHARPSHOOTER</Key>
  <Name>Sharpshooter</Name>
  <Description>
    [H4]Sharpshooter - Take the Shot[h4]

With a love of firearms and a pride in personal accuracy, the Sharpshooter is the most desirable asset a team can ask for when a firelight erupts. He maintains his composure under a blanket of blaster bolts, takes careful aim, and eliminates threats with ruthless efficiency and lightning speed. Sharpshooters are, simply, the masters of personal-scale ranged combat. 

[P]Not surprisingly, Sharpshooters gain [B]Cool, Perception, Ranged (Heavy),[b] and [B]Ranged (Light)[b] as career skills, and two of these gain a free rank if this is the first specialization for the PC. The focus on personal-scale ranged weapons is a natural fit for Sharpshooters, and their ability to take in their surroundings completely and assess targets carefully under high-stress situations is essential to their survival. 

[P]Most Sharpshooters are thoroughly comfortable with any ranged weapon, though many will focus attention and effort on mastering a single (often highly-personalized) weapon. Some prefer a sniper role, taking up a hidden position and removing threats from the field as invisible dealers of death. Other Sharpshooters prefer a more direct approach, blaster energy blazing in waves of destruction as they cover their teammates against hordes of Imperial soldiers. 

[P]The focus on individual excellence within the Alliance elevates the Sharpshooter over his typical counterpart in the Empire. He is encouraged to train to higher degrees of proficiency, and he is encouraged to master techniques of survival, depending on his team to stay alive. The average stormtrooper is given a decent amount of training, but the lack of attention to personal excellence means he will never reach the pinnacle of accuracy and deadly effectiveness attained by a Sharpshooter in the Rebellion.</Description>
  <Source Page="93">Age of Rebellion Core Rulebook</Source>
  <Custom>DescOnly</Custom>
  <CareerSkills>
    <Key>COOL</Key>
    <Key>PERC</Key>
    <Key>RANGHVY</Key>
    <Key>RANGLT</Key>
  </CareerSkills>
  <TalentRows>
    <TalentRow>
      <Cost>5</Cost>
      <Talents>
        <Key>EXTRACK</Key>
        <Key>SNIPSHOT</Key>
        <Key>BRA</Key>
        <Key>GRIT</Key>
      </Talents>
      <Directions>
        <Direction>
          <Down>true</Down>
        </Direction>
        <Direction>
          <Down>true</Down>
        </Direction>
        <Direction />
        <Direction>
          <Down>true</Down>
        </Direction>
      </Directions>
    </TalentRow>
    <TalentRow>
      <Index>1</Index>
      <Cost>10</Cost>
      <Talents>
        <Key>GRIT</Key>
        <Key>TRUEAIM</Key>
        <Key>DEADACC</Key>
        <Key>LETHALBL</Key>
      </Talents>
      <Directions>
        <Direction>
          <Up>true</Up>
          <Down>true</Down>
        </Direction>
        <Direction>
          <Up>true</Up>
          <Down>true</Down>
        </Direction>
        <Direction>
          <Down>true</Down>
        </Direction>
        <Direction>
          <Up>true</Up>
          <Down>true</Down>
        </Direction>
      </Directions>
    </TalentRow>
    <TalentRow>
      <Index>2</Index>
      <Cost>15</Cost>
      <Talents>
        <Key>BRA</Key>
        <Key>LETHALBL</Key>
        <Key>SNIPSHOT</Key>
        <Key>TRUEAIM</Key>
      </Talents>
      <Directions>
        <Direction>
          <Up>true</Up>
          <Down>true</Down>
        </Direction>
        <Direction>
          <Right>true</Right>
          <Up>true</Up>
          <Down>true</Down>
        </Direction>
        <Direction>
          <Left>true</Left>
          <Right>true</Right>
          <Up>true</Up>
        </Direction>
        <Direction>
          <Left>true</Left>
          <Up>true</Up>
          <Down>true</Down>
        </Direction>
      </Directions>
    </TalentRow>
    <TalentRow>
      <Index>3</Index>
      <Cost>20</Cost>
      <Talents>
        <Key>EXTRACK</Key>
        <Key>DEADACC</Key>
        <Key>TOUGH</Key>
        <Key>CRIPV</Key>
      </Talents>
      <Directions>
        <Direction>
          <Up>true</Up>
          <Down>true</Down>
        </Direction>
        <Direction>
          <Right>true</Right>
          <Up>true</Up>
          <Down>true</Down>
        </Direction>
        <Direction>
          <Left>true</Left>
          <Down>true</Down>
        </Direction>
        <Direction>
          <Up>true</Up>
          <Down>true</Down>
        </Direction>
      </Directions>
    </TalentRow>
    <TalentRow>
      <Index>4</Index>
      <Cost>25</Cost>
      <Talents>
        <Key>QUICKFIX</Key>
        <Key>NATMAR</Key>
        <Key>DEDI</Key>
        <Key>TARGBL</Key>
      </Talents>
      <Directions>
        <Direction>
          <Right>true</Right>
        </Direction>
        <Direction>
          <Left>true</Left>
          <Up>true</Up>
        </Direction>
        <Direction>
          <Up>true</Up>
        </Direction>
        <Direction>
          <Up>true</Up>
        </Direction>
      </Directions>
    </TalentRow>
  </TalentRows>
</Specialization>