<?xml version="1.0"?>
<Specialization xmlns:xsi="http://www.w3.org/2001/XMLSchema-instance" xmlns:xsd="http://www.w3.org/2001/XMLSchema">
  <Key>TACTICIAN</Key>
  <Name>Tactician</Name>
  <Description>
    [H4]Tactician - On the Ground[h4]

All of the victories in space, in the air, and even on the ground mean nothing if the winning force cannot hold the territory taken. At the end of the day, a few troops with blasters and bombs can disable any installation, disrupt an entire defensive grid, and create the conditions of victory. They do so under the courageous and savvy leadership of a Tactician. 

[P]The additional career skills for a Tactician are [B]Brawl, Discipline, Leadership,[b] and [B]Ranged (Heavy)[b]. Two of these four skills begin with a free rank if this is the first specialization chosen for the PC. Tacticians often insist on being able to fight even without weapons if called upon to do so, and many prefer heavier weapons for combat. Additionally, they are the ones who must be true leaders, even in the face of the worst possible odds. 

[P]When all is going well, a Tactician tends to be the person the rest of a team grouses about over too much work, monotonous duties, and repeated training. However, when the blaster fire is flying and people are screaming and dying all around, the team looks to the Tactician to lead them, whether it's out of danger or into glory. A Tactician assesses the situation at all times, looking for the best way to accomplish the mission and keep his people alive. His team depends on him for these skills. 

[P]By Alliance philosophy, Tacticians are made, not born. Battlefield promotions happen constantly, for Alliance ground forces suffer the greatest losses constantly. Those who show any capacity for leadership are brought up in rank rapidly when the need calls. Others are cultivated more fully for the most important and dangerous missions. The Alliance is blessed with a high proportion of talented individuals, what it needs are special individuals who can organize and lead them.</Description>
  <Source Page="75">Age of Rebellion Core Rulebook</Source>
  <Custom>DescOnly</Custom>
  <CareerSkills>
    <Key>BRAWL</Key>
    <Key>DISC</Key>
    <Key>LEAD</Key>
    <Key>RANGHVY</Key>
  </CareerSkills>
  <TalentRows>
    <TalentRow>
      <Cost>5</Cost>
      <Talents>
        <Key>OUTDOOR</Key>
        <Key>COMMPRES</Key>
        <Key>TOUGH</Key>
        <Key>SIDESTEP</Key>
      </Talents>
      <Directions>
        <Direction>
          <Down>true</Down>
        </Direction>
        <Direction>
          <Down>true</Down>
        </Direction>
        <Direction />
        <Direction>
          <Down>true</Down>
        </Direction>
      </Directions>
    </TalentRow>
    <TalentRow>
      <Index>1</Index>
      <Cost>10</Cost>
      <Talents>
        <Key>OUTDOOR</Key>
        <Key>CONF</Key>
        <Key>QUICKDR</Key>
        <Key>SWIFT</Key>
      </Talents>
      <Directions>
        <Direction>
          <Up>true</Up>
          <Down>true</Down>
        </Direction>
        <Direction>
          <Up>true</Up>
          <Down>true</Down>
        </Direction>
        <Direction>
          <Right>true</Right>
        </Direction>
        <Direction>
          <Left>true</Left>
          <Up>true</Up>
          <Down>true</Down>
        </Direction>
      </Directions>
    </TalentRow>
    <TalentRow>
      <Index>2</Index>
      <Cost>15</Cost>
      <Talents>
        <Key>NATOUT</Key>
        <Key>TOUGH</Key>
        <Key>BOD</Key>
        <Key>BOD</Key>
      </Talents>
      <Directions>
        <Direction>
          <Up>true</Up>
        </Direction>
        <Direction>
          <Right>true</Right>
          <Up>true</Up>
          <Down>true</Down>
        </Direction>
        <Direction>
          <Left>true</Left>
          <Right>true</Right>
        </Direction>
        <Direction>
          <Left>true</Left>
          <Up>true</Up>
          <Down>true</Down>
        </Direction>
      </Directions>
    </TalentRow>
    <TalentRow>
      <Index>3</Index>
      <Cost>20</Cost>
      <Talents>
        <Key>CONF</Key>
        <Key>COMMPRES</Key>
        <Key>FLDCOMM</Key>
        <Key>SIDESTEP</Key>
      </Talents>
      <Directions>
        <Direction>
          <Right>true</Right>
        </Direction>
        <Direction>
          <Left>true</Left>
          <Right>true</Right>
          <Up>true</Up>
          <Down>true</Down>
        </Direction>
        <Direction>
          <Left>true</Left>
          <Down>true</Down>
        </Direction>
        <Direction>
          <Up>true</Up>
          <Down>true</Down>
        </Direction>
      </Directions>
    </TalentRow>
    <TalentRow>
      <Index>4</Index>
      <Cost>25</Cost>
      <Talents>
        <Key>COORDASS</Key>
        <Key>NATLEAD</Key>
        <Key>FLDCOMMIMP</Key>
        <Key>DEDI</Key>
      </Talents>
      <Directions>
        <Direction>
          <Right>true</Right>
        </Direction>
        <Direction>
          <Left>true</Left>
          <Up>true</Up>
        </Direction>
        <Direction>
          <Up>true</Up>
        </Direction>
        <Direction>
          <Up>true</Up>
        </Direction>
      </Directions>
    </TalentRow>
  </TalentRows>
</Specialization>