<?xml version="1.0"?>
<Species xmlns:xsi="http://www.w3.org/2001/XMLSchema-instance" xmlns:xsd="http://www.w3.org/2001/XMLSchema">
  <Key>GIGORAN</Key>
  <Name>Gigoran</Name>
  <Description>[H4]Gigoran[h4]
Gigorans are massive, burly primates with long, pale fur. Often sold into slavery, Gigorans remain peaceful as long as they are with family. However, should their kin be threatened, there is no sacrifice too great or foe too terrifying to stop Gigorans from trying to help. Their huge form and powerful musculature allow them to carry weapons larger than many humans. Those Gigorans who weild them delight in the massive firepower they can project against their foes.
[P][B]Physiology:[b] Well over two meters of sinew and fur each, Gigorans are often mistaken for Wookiees or wampas. Their long, flowing hair is typically a palde shade of white, cream, gold, or even blue. Their long torso and arms are at odds with their relatively short, stumpy legs. Nevertheless, their limbs are think and powerful, ending in massive paws. The hair atop their heads often grows long, sometimes obscuring their dark eyes, and it tends to come in blacking streaks.
[P]Gigorans have an abridged chin, makign their face appear short and wide. Many wear small, rectangular breathing masks to aid in repiration in warmer climates, with chest mounted devices to better adjust to local atmospheres to their respiratory systems.
[P][B]Society:[b] Despite their imposing nature, Gigorans are gentle and affectionate unless pushed to violence. They live in deep caves in the snowy mountains of Gigor, organized into home-clans of about fifty individuals, each led by its most skilled hunter. Home-clans rarely live close enough to each other to interact. When they do interact, the occasion is often marked with month-long feasts and weddings to promote genetic diversity. Gigorans live a simple existence hunting icetrompers in the mountain valleys and gathering edible berries, mosses, and molds from their home caves. Gigorans are curious to a fault, making them easy marks for unscrupulous offworlders.
[P]Offworld, Gigorans are interested in everything around them. They are particularly compelled by any shiny bit of technology and can stare at random blinking lights for hours. Pack instinct draws Gigorans toward friendly beings, to whom they offer their strength in exchange for camaraderie. Gigorans quickly accept allies, eventually defending them as if they were family.
[P]Unfortunately, some exploit this tendency and lure otherwise good-hearted Gigorans down darker paths. Gigorans who have been victimized one time too many may grow jaded, grumpy, and violent. This is especially true of those who were enslaved or faced the Empire's standard persecution of non-humans. Such Gigorans gravitate toward work involving combat, offering their brute strength and love of massive weaponry to any who can afford their services.
[P][B]Homeworld:[b] Despite the fact that slaves often sold them in the Mytaranor sector as Wookiees, Gigorans are a distinctly seperate species from Gigor, a frigid planet in the Outer Rim's Tynquay sector. The snow-covered world is a rocky and mountainous place where only the hardiest specimens of life survive for long. The caves that riddle the mountains are home to Gigorans, jexxel cats, and snow shredder bats. Deep within many caves, hot springs enable edible molds and mushrooms to thrive. The valleys between mountains are filled with hardy shrubs, mosses, and coniferous trees, providing an ecosystem for rodent-like ice scrabblers, giant icetrompers, and even jakobeasts.
[P][B]Language:[b] A confounding mixture of creaks, groans, grunts, whistles, and chirps make up the Gigorans' native language, which gives most protocol droids fits. However, many Gigorans learn to speak or at least understand Basic if taken off their homeworld.
[P][B]Life under the Empire:[b] Most Gigorans away from their homeworld live in slavery or on the run. Those with family often find a way to resume their peaceful, simple lifestyle. Vengeance tends to consume those seperated from their home-clan, driving them to lives of violence as a mercenaries, resistance fighters, or bounty hunters. Other flail for purpose until they make friends and grow close enough to consider them family. Gigorans who do so are apt to let their adopted family take the lead, often into work as smugglers, entrepeneurs, con artists, or the like.</Description>
  <Source Page="93">Dawn of Rebellion</Source>
  <Custom>AddedItem</Custom>
  <StartingChars>
    <Brawn>3</Brawn>
    <Agility>2</Agility>
    <Intellect>1</Intellect>
    <Cunning>2</Cunning>
    <Willpower>2</Willpower>
    <Presence>2</Presence>
  </StartingChars>
  <StartingAttrs>
    <WoundThreshold>12</WoundThreshold>
    <StrainThreshold>10</StrainThreshold>
    <Experience>100</Experience>
  </StartingAttrs>
  <SkillModifiers>
    <SkillModifier>
      <Key>BRAWL</Key>
      <RankStart>1</RankStart>
    </SkillModifier>
  </SkillModifiers>
  <OptionChoices>
    <OptionChoice>
      <Key>GIGORANCH1</Key>
      <Name>Environment</Name>
      <Options>
        <Option>
          <Key>GIGORANCH1OP1</Key>
          <Name>Adapted to the Cold</Name>
          <Description>Gigorans remove [SE] imposed due to cold or snow-filled conditions.</Description>
        </Option>
      </Options>
    </OptionChoice>
    <OptionChoice>
      <Key>GIGORANCH2</Key>
      <Name>Culture</Name>
      <Options>
        <Option>
          <Key>GIGORANCH2OP1</Key>
          <Name>Low-Tech</Name>
          <Description>Gigorans upgrade the difficulty of Mechanics checks involving advanced technology once.</Description>
        </Option>
      </Options>
    </OptionChoice>
  </OptionChoices>
</Species>