<?xml version="1.0"?>
<Species xmlns:xsi="http://www.w3.org/2001/XMLSchema-instance" xmlns:xsd="http://www.w3.org/2001/XMLSchema">
  <Key>WHIPHID</Key>
  <Name>Whiphid</Name>
  <Description>[H4]Whiphid[h4]

Whiphids are tall, muscled, furred sentient beings from the planet Toola. They are notable for their great tusks. On Toola, Whiphids live a primitive lifestyle, hunting caraboose and other large animals, such as the motmot, their favored prey. Their language consists of approximately six thousand words. As Whiphids came into contact with more technically advanced races that came to Toola to buy ice, they began to show great curiosity about the rest of the galaxy. Many Whiphids left Toola, supporting themselves as big game hunters, mercenaries, or bounty hunters.

[P][B]Physiology:[b] Whiphids average about 2.5 meters and can weigh up to 400 kilos. They are covered by long yellow-white or gold fur and had stubby fur-covered tails. Their faces are elongated, with prominent foreheads and long, bowed cheekbones. A Whiphid's face is furless apart from a few hairs on the lips and chin. Two large tusks protrude from the lower jaw, and their massive arms end with thick three-fingered hands, the fingers ending in sharp claws. Female Whiphids tend to be slightly shorter and heavier than the males. Their eyes protrude slightly from their heads. Young Whiphids have shorter snouts and far less fur than adults.

[P]Since their homeworld of Toola is a cold planet of ice and snow, the Whiphid's body maintains a thick layer of blubber, which serves to insulate and reduce heat loss. Their thick fur also helps to protect them from the harsh climate and is also covered with natural oil that repells water and allows them to swim in Toola's frigid oceans. In the warmer periods of the spring and summer on Toola, the Whiphids lose several centimeters of fur and burn off much of their fat reserves. Their hollow cheekbones also widen slightly, since a broader face helps to dissipate heat. These biological changes are induced by warmer temperatures rather than by the cycle of the seasons. Whiphids in the wider galaxy, therefore, are more likely to have less fur and be smaller in size than their counterparts on their homeworld in winter.

[P][B]Society:[b] On Toola, the Whiphids live together in tribes of three to ten couples. In the winter the tribes are nomadic and travel across the icy plains of the planet in search of prey. They camp near hunting grounds using round hide tents. During summer the tribes move to a permanent base that is constructed of stone and covered by animal hides and mud. A Whiphid tribe is led by an elder called a Spearmaster, who decides where the group should camp and what prey to hunt. 

[P]Whiphid tribes are loose associations of individuals, and they do not have attachments to the tribes of their parents. They are a survival necessity and not an ideological construct or family unit. A tribe stays together as long as it was doing well, and individuals of unsuccessful tribes have no compunction against joining another tribe, nor do tribes have an issue with new members.

[P]The tribes of Toola travel across the planet on sleds and load-bearing sledges that are constructed of hide, horn, bone and leather thong. They are pulled by domesticated Tuggles, carnivorous animals native to Toola possessed of great stamina. Six Tuggles are capable of pulling a sledge all day with only a couple of breaks, if properly fed, for several days at a time. The design of the Whiphid sleds is such that they spread the load over a wide surface area and therefore allow for safe gliding over the icy plains.

[P]Tribes on Toola typically meet at hot springs, where they will trade and cooperate in big hunts. Whiphid tribes do not make war with each other or participate in skirmishes or raids against other tribes. In the mind of the Whiphids, this would reduce the number of hunters capable of hunting motmots and bring bad luck against the aggressive tribe. Individual Whiphids do have disagreements that can last for years and that often resulted in violent confrontations, but these are personal matters that do not involve others. Bullies in Whiphid society are rare, and an elder will take such an individual on a long hunt to sort them out. Those that do not learn the ways of the elder often do not return. Individuals within Whiphid society are not allowed to undermine its functioning.

[P][B]Homeworld:[b] Toola is a planet located in the Toola system and the cold homeworld of the Whiphids. It is located in the Slice.

[P][B]Language:[b] Whiphid is the native language of the Whiphid species from Toola. It is formed of snorts, growls and bellowing barks.

[P]There is no written form of Whiphid language. The language's working vocabulary is limited to six thousand words.

[P]Most Whiphids are only fluent in Whiphid, and not in Basic.</Description>
  <Source>Unofficial Species Menagerie</Source>
  <Custom>DescOnly</Custom>
  <StartingChars>
    <Brawn>3</Brawn>
    <Agility>2</Agility>
    <Intellect>1</Intellect>
    <Cunning>2</Cunning>
    <Willpower>2</Willpower>
    <Presence>2</Presence>
  </StartingChars>
  <StartingAttrs>
    <WoundThreshold>12</WoundThreshold>
    <StrainThreshold>8</StrainThreshold>
    <Experience>90</Experience>
  </StartingAttrs>
  <TalentModifiers>
    <TalentModifier>
      <Key>EXTRACK</Key>
      <RankAdd>1</RankAdd>
    </TalentModifier>
  </TalentModifiers>
  <OptionChoices>
    <OptionChoice>
      <Key>WHIPHIDCH1</Key>
      <Name>Claws</Name>
      <Options>
        <Option>
          <Key>WHIPHIDCH1OP1</Key>
          <Name>Claws</Name>
          <Description>When a Whiphid makes a Brawl check
to deal damage to an opponent, their attack
deals +1 point of damage and has a Crit Rating
of 3.</Description>
        </Option>
      </Options>
    </OptionChoice>
    <OptionChoice>
      <Key>WHIPHIDCH2</Key>
      <Name>Conceal</Name>
      <Options>
        <Option>
          <Key>WHIPHIDCH2OP1</Key>
          <Name>Scent</Name>
          <Description>Whiphids may remove all [SETBACK]
imposed due to concealment against a target
that is within Short Range.</Description>
        </Option>
      </Options>
    </OptionChoice>
    <OptionChoice>
      <Key>WHIPHIDCH3</Key>
      <Name>Cold</Name>
      <Options>
        <Option>
          <Key>WHIPHIDCH3OP1</Key>
          <Name>Insulated Fur</Name>
          <Description>When making skill checks,
Whiphids may remove one [SETBACK]imposed
due to cold environmental conditions.</Description>
        </Option>
      </Options>
    </OptionChoice>
  </OptionChoices>
  <WeaponModifiers>
    <WeaponModifier>
      <AllSkillKey>BRAWL</AllSkillKey>
      <DamageAdd>1</DamageAdd>
      <Crit>3</Crit>
      <Range>Engaged</Range>
    </WeaponModifier>
  </WeaponModifiers>
</Species>