<?xml version="1.0"?>
<Career xmlns:xsi="http://www.w3.org/2001/XMLSchema-instance" xmlns:xsd="http://www.w3.org/2001/XMLSchema">
  <Key>THEACE</Key>
  <Name>Ace</Name>
  <Description>
    [H4]Ace [h4]

An Ace's eight career skills are [B]Astrogation, Cool, Gunnery, Mechanics, Perception, Piloting (Planetary), Piloting (Space),[b] and [B]Ranged (Light).[b] The Ace automatically gains a rank in four of these skills without spending experience, and receives a discount on increasing them with future experience points.

[P][H4]AN ACE'S ROLE[h4]

[P]Piloting vehicles, from repulsorlift speeders to massive starships and everything in between, is a fairly common skill for anyone who lives outside of a completely isolated, low-tech society. However, when it's time to get somewhere fast or plunge into the thick of vehicular combat, Aces are the ones people want at the controls. 
[P]Just getting from one place to another is not enough for the Ace; this flier wants to get there faster, and to do so with style. He'd rather dive headlong into an asteroid field with half a dozen ships on his tail than safely move cargo down a well-traveled hyperspace lane. Aces are not the kind of people most transport companies want to hire to move their goods. They are, however, in very high demand when it comes to ship-to-ship combat of any kind, or when war machines need to be maneuvered into place during a planet-side battle. 

[P]The Ace isn't just a master of piloting and driving, but often has a gift for using vehicular weapons to deadly effect. He understands that shooting is about more than merely looking through a scope and pulling a trigger—leading the target, compensating for the complexities of moving bodies in space, and aiming for vulnerable systems make the Ace a force to be reckoned with in any dogfight or speeder chase.</Description>
  <Source Page="64">Age of Rebellion Core Rulebook</Source>
  <Custom>CustomItem</Custom>
  <CareerSkills>
    <Key>ASTRO</Key>
    <Key>COOL</Key>
    <Key>GUNN</Key>
    <Key>MECH</Key>
    <Key>PERC</Key>
    <Key>PILOTPL</Key>
    <Key>PILOTSP</Key>
    <Key>RANGLT</Key>
  </CareerSkills>
  <Specializations>
    <Key>BEASTRIDER</Key>
    <Key>DRIVER</Key>
    <Key>FORCEADHERENT</Key>
    <Key>GUNNER</Key>
    <Key>HOTSHOT</Key>
    <Key>IMPERIALACADEMYCADET</Key>
    <Key>PADAWANSURVIVOR</Key>
    <Key>PILOT</Key>
    <Key>PIRATE</Key>
    <Key>RETIREDCLONETROOPER</Key>
    <Key>RIGGER</Key>
    <Key>SHIPCAPTAIN</Key>
  </Specializations>
  <Attributes />
  <FreeRanks>4</FreeRanks>
</Career>