<?xml version="1.0"?>
<Career xmlns:xsi="http://www.w3.org/2001/XMLSchema-instance" xmlns:xsd="http://www.w3.org/2001/XMLSchema">
  <Key>CONSULAR</Key>
  <Name>Consular</Name>
  <Description>
    [H4]Consular[h4]

The Consular's six career skills are [B]Cool, Discipline, Knowledge (Education), Knowledge (Lore), Leadership,[b] and [B]Negotiation[b]. A Consular automatically gains a rank in three of these skills without spending experience, as well as a discount on increasing them with future experience points. [B]The Consular begins play with a Force rating of 1.[b]

[P][H4]A CONSULAR'S ROLE[h4] 

[P]The Consular focuses on the goal of achieving peace and harmony through positive discourse. Followers of this career try to avoid physical conflict whenever possible. Instead, they have faith in the Force to fuel basic compassion in all sentient beings. They believe that it is always more effective to have an intelligent discussion about a problem and then solve it through negotiations and other peaceful means than to engage in conflict to resolve it. They are opposed to needless violence but know that when confronting true evil, they must be willing to take decisive action. A Consular prides himself in knowing when to speak words of peace, and when the time for words is over. 

[P]Followers of this career are not Jedi Consulars of the now-fallen Republic. but they do embrace some of the same philosophies and practices. During the time of the Galactic Civil War. Consulars are a relatively rare breed. Imperial negotiations are most commonly handled through a position of vastly superior military might. Consequently. the Empire has little use for their peaceful approaches.

[P]In contrast, the Rebel Alliance has a far greater need for Consulars. As the various smaller Rebel groups come into contact with one another, they need negotiators capable of building a foundation for an alliance. Consulars have helped build the foundations for the fight for freedom, bringing groups of diverse backgrounds and needs together and joining them in common cause against injustice.

[P]Even as the Rebel Alliance becomes a well-established entity, the need for Consulars continue. Maintaining the Rebellion's push against the Empire requires assistance from a broad range of different groups Consulars are capable of working with planetary governments—and even large corporations—to procure the equipment necessary to maintain and grow the Rebellion. They are also instrumental in persuading worlds to risk attempts at throwing off the shackles of the Empire. 

[P]Of course, not every Consular has necessarily played a role on the galactic stage. In fact, many help settle disputes closer to home, in small villages or planetary governments. Most Consulars see helping two feuding families find peace to be as rewarding as convincing an entire world to join the fight against the Empire. 

Beginning characters—particularly those who are cognizant of their Force abilities—are most likely to have learned their techniques from relatively obscure traditions. Alternatively, characters who do not recognize their abilities could be extremely competent negotiators, such as accomplished political, religious. and business leaders. Any of these Individuals might unwittingly tap into their Force abilities during the course of their work. This could provide the basis for a character who denies any knowledge of Force techniques while simultaneously depending on them.</Description>
  <Source Page="66">Force and Destiny Core Rulebook</Source>
  <Custom>CustomItem</Custom>
  <CareerSkills>
    <Key>COOL</Key>
    <Key>DISC</Key>
    <Key>EDU</Key>
    <Key>LEAD</Key>
    <Key>LORE</Key>
    <Key>NEG</Key>
  </CareerSkills>
  <Specializations>
    <Key>ARBITER</Key>
    <Key>ASCETIC</Key>
    <Key>FORCEADHERENT</Key>
    <Key>HEALER</Key>
    <Key>IMPERIALACADEMYCADET</Key>
    <Key>NIMAN</Key>
    <Key>PADAWANSURVIVOR</Key>
    <Key>PIRATE</Key>
    <Key>RETIREDCLONETROOPER</Key>
    <Key>SAGE</Key>
    <Key>SHIPCAPTAIN</Key>
    <Key>TEACHER</Key>
  </Specializations>
  <Attributes>
    <ForceRating>1</ForceRating>
  </Attributes>
  <FreeRanks>3</FreeRanks>
</Career>