<?xml version="1.0"?>
<Career xmlns:xsi="http://www.w3.org/2001/XMLSchema-instance" xmlns:xsd="http://www.w3.org/2001/XMLSchema">
  <Key>SEEKER</Key>
  <Name>Seeker</Name>
  <Description>
    [H4]Seeker[h4]

The Seeker's six career skills are [B]Knowledge (Xenology), Piloting (Planetary), Piloting (Space), Ranged (Heavy), Survival,[b] and [B]Vigilance[b]. Characters with this career automatically gain a rank in three of these skills without spending experience and gain a discount on increasing them with future experience points. [B]Seekers begin the game with a Force rating of 1.[b] 

[P][H4]A SEEKER'S ROLE[h4] 

[P]It is not uncommon for some Force adepts to feel compelled to travel throughout the galaxy to aid those in need and to oppose those who use the dark side. While some might focus their attentions in cities and urban centers, the need can be just as great far 
from the heart of galactic civilization. A Force adept who is willing and able to travel and work in these environments can help ease crushing poverty or crippling plagues of hunger and disease. He can also discover new Force techniques, find sensitives in need of training, and at times halt dangerous threats that could otherwise fester in isolation. A Seeker must be capable of doing all of these things, while traveling far from any meaningful support network. 
[P]Seekers generally take a very pragmatic view toward the Force. Operating independently, they consider it to be one of the tools in their arsenal, but not the only one. For a Seeker, preparedness and adaptability are paramount. They cannot count on finding the right tools for the job in the isolated areas in which they travel. As such, they learn to be flexible and adapt quickly to find the best equipment from what is available. In some environments, this may mean discovering information about flora and fauna that is previously undocumented. In such situations, the Force can be the most reliable asset, and its flexibility can aid them in selecting and using whatever else is at hand. 

[P]This flexibility is vital for a Seeker. Some of these characters travel at the direction of the Force, allowing fortune and chance to select their destinations and their traveling companions. Others work within the confines of larger groups. They may be troubleshooters. bounty hunters, envoys, or even traveling merchants. The variety of work means the Seeker must be prepared to quickly adapt to these changing situations and to make the most effective use possible of the tools that are at hand.</Description>
  <Source Page="84">Force and Destiny Core Rulebook</Source>
  <Custom>CustomItem</Custom>
  <CareerSkills>
    <Key>PILOTPL</Key>
    <Key>PILOTSP</Key>
    <Key>RANGHVY</Key>
    <Key>SURV</Key>
    <Key>VIGIL</Key>
    <Key>XEN</Key>
  </CareerSkills>
  <Specializations>
    <Key>ATARU</Key>
    <Key>EXECUTIONER</Key>
    <Key>FORCEADHERENT</Key>
    <Key>HERMIT</Key>
    <Key>HUNTER</Key>
    <Key>IMPERIALACADEMYCADET</Key>
    <Key>NAVIGATOR</Key>
    <Key>PADAWANSURVIVOR</Key>
    <Key>PATH</Key>
    <Key>PIRATE</Key>
    <Key>RETIREDCLONETROOPER</Key>
    <Key>SHIPCAPTAIN</Key>
  </Specializations>
  <Attributes>
    <ForceRating>1</ForceRating>
  </Attributes>
  <FreeRanks>3</FreeRanks>
</Career>