<?xml version="1.0"?>
<SigAbility xmlns:xsi="http://www.w3.org/2001/XMLSchema-instance" xmlns:xsd="http://www.w3.org/2001/XMLSchema">
  <Key>DEADLYREPUTATION</Key>
  <Name>Deadly Reputation</Name>
  <Description>Many accomplished Warriors reach a point in their life when their reputation precedes them. Whether famous or infamous, a reputation as a fighter and killer carries with it a warning and threat of danger. Such a reputation may color all of the Warrior's interactions to some degree.
[P]Some Warriors, however, learn to use their reputation as another weapon in their arsenal. With a subtle implication, a threatening gesture, or even the simple revelation of their identity, the Warrior can unnerve their opposition, hindering any efforts against them.
[P]Invoking a deadly reputation can provide a boon to the Warrior in any number of circumstances. During important negotiations, it might unbalance the opposition, causing them to fumble words, forget important points, or even concede the argument lest they draw the Warrior's wrath. The right reputation can be equally potent in battle, for even hardened fighters might hesitate or make a fatal mistake in their apprehension of the notorious Warrior.</Description>
  <Source Page="34">Knights of Fate</Source>
  <Custom>AddedItem</Custom>
  <AbilityRows>
    <AbilityRow>
      <Abilities>
        <Key>DEADREPBASE</Key>
        <Key>DEADREPBASE</Key>
        <Key>DEADREPBASE</Key>
        <Key>DEADREPBASE</Key>
      </Abilities>
      <Directions>
        <Direction />
        <Direction>
          <Down>true</Down>
        </Direction>
        <Direction>
          <Down>true</Down>
        </Direction>
        <Direction />
      </Directions>
      <AbilitySpan>
        <Span>4</Span>
        <Span>0</Span>
        <Span>0</Span>
        <Span>0</Span>
        <Span>4</Span>
        <Span>0</Span>
        <Span>0</Span>
        <Span>0</Span>
        <Span>4</Span>
        <Span>0</Span>
        <Span>0</Span>
        <Span>0</Span>
        <Span>4</Span>
        <Span>0</Span>
        <Span>0</Span>
        <Span>0</Span>
      </AbilitySpan>
      <Costs>
        <Cost>30</Cost>
        <Cost>0</Cost>
        <Cost>0</Cost>
        <Cost>0</Cost>
        <Cost>30</Cost>
        <Cost>0</Cost>
        <Cost>0</Cost>
        <Cost>0</Cost>
        <Cost>30</Cost>
        <Cost>0</Cost>
        <Cost>0</Cost>
        <Cost>0</Cost>
        <Cost>30</Cost>
        <Cost>0</Cost>
        <Cost>0</Cost>
        <Cost>0</Cost>
      </Costs>
    </AbilityRow>
    <AbilityRow>
      <Abilities>
        <Key>DEADREPDURATION</Key>
        <Key>DEADREPASSOCIATION</Key>
        <Key>DEADREPSETBACK</Key>
        <Key>DEADREPDURATION</Key>
      </Abilities>
      <Directions>
        <Direction>
          <Right>true</Right>
        </Direction>
        <Direction>
          <Left>true</Left>
          <Up>true</Up>
          <Down>true</Down>
        </Direction>
        <Direction>
          <Right>true</Right>
          <Up>true</Up>
          <Down>true</Down>
        </Direction>
        <Direction>
          <Left>true</Left>
        </Direction>
      </Directions>
      <AbilitySpan>
        <Span>1</Span>
        <Span>1</Span>
        <Span>1</Span>
        <Span>1</Span>
      </AbilitySpan>
      <Costs>
        <Cost>10</Cost>
        <Cost>10</Cost>
        <Cost>10</Cost>
        <Cost>10</Cost>
      </Costs>
    </AbilityRow>
    <AbilityRow>
      <Abilities>
        <Key>DEADREPEFFECT</Key>
        <Key>DEADREPSETBACK</Key>
        <Key>DEADREPDESTINY</Key>
        <Key>DEADREPDURATION</Key>
      </Abilities>
      <Directions>
        <Direction>
          <Right>true</Right>
        </Direction>
        <Direction>
          <Left>true</Left>
          <Up>true</Up>
        </Direction>
        <Direction>
          <Right>true</Right>
          <Up>true</Up>
        </Direction>
        <Direction>
          <Left>true</Left>
        </Direction>
      </Directions>
      <AbilitySpan>
        <Span>1</Span>
        <Span>1</Span>
        <Span>1</Span>
        <Span>1</Span>
      </AbilitySpan>
      <Costs>
        <Cost>15</Cost>
        <Cost>15</Cost>
        <Cost>15</Cost>
        <Cost>15</Cost>
      </Costs>
    </AbilityRow>
  </AbilityRows>
  <Careers>
    <Key>WAR</Key>
  </Careers>
  <MatchingNodes>
    <Node>false</Node>
    <Node>true</Node>
    <Node>true</Node>
    <Node>false</Node>
  </MatchingNodes>
</SigAbility>