<?xml version="1.0"?>
<SigAbility xmlns:xsi="http://www.w3.org/2001/XMLSchema-instance" xmlns:xsd="http://www.w3.org/2001/XMLSchema">
  <Key>HARDERTHEYFALL</Key>
  <Name>The Harder They Fall</Name>
  <Description>While it might be loathsome or insulting to their professional pride, all Alliance Engineers realize they are fighting in a war, and that a great part of war involves destruction. This includes the destruction of buildings, fortifications, ships, and droids-the very things they work so hard to create and maintain. Their expertise in these areas, though, makes for excellent combat abilities. Drawing on their know ledge of technological vulnerabilities. Engineers can help ensure maximum efficiencies in attacks they and their comrades make.</Description>
  <Source Page="34">Fully Operational</Source>
  <Custom>DescOnly</Custom>
  <AbilityRows>
    <AbilityRow>
      <Abilities>
        <Key>HARDERTHEYFALLBASE</Key>
        <Key>HARDERTHEYFALLBASE</Key>
        <Key>HARDERTHEYFALLBASE</Key>
        <Key>HARDERTHEYFALLBASE</Key>
      </Abilities>
      <Directions>
        <Direction />
        <Direction>
          <Down>true</Down>
        </Direction>
        <Direction>
          <Down>true</Down>
        </Direction>
        <Direction />
      </Directions>
      <AbilitySpan>
        <Span>4</Span>
        <Span>0</Span>
        <Span>0</Span>
        <Span>0</Span>
      </AbilitySpan>
      <Costs>
        <Cost>30</Cost>
        <Cost>0</Cost>
        <Cost>0</Cost>
        <Cost>0</Cost>
      </Costs>
    </AbilityRow>
    <AbilityRow>
      <Abilities>
        <Key>HARDERTHEYFALINCNUMBERL</Key>
        <Key>HARDERTHEYFALLCHANGESKILL</Key>
        <Key>HARDERTHEYFALINCNUMBERL</Key>
        <Key>HARDERTHEYFALLIGNOREDEF</Key>
      </Abilities>
      <Directions>
        <Direction>
          <Right>true</Right>
        </Direction>
        <Direction>
          <Left>true</Left>
          <Up>true</Up>
          <Down>true</Down>
        </Direction>
        <Direction>
          <Right>true</Right>
          <Up>true</Up>
        </Direction>
        <Direction>
          <Left>true</Left>
          <Down>true</Down>
        </Direction>
      </Directions>
      <AbilitySpan>
        <Span>1</Span>
        <Span>1</Span>
        <Span>1</Span>
        <Span>1</Span>
      </AbilitySpan>
      <Costs>
        <Cost>10</Cost>
        <Cost>10</Cost>
        <Cost>10</Cost>
        <Cost>10</Cost>
      </Costs>
    </AbilityRow>
    <AbilityRow>
      <Abilities>
        <Key>HARDERTHEYFALLIGNOREDEF</Key>
        <Key>HARDERTHEYFALLDESTINY</Key>
        <Key>HARDERTHEYFALLREDUCEDIFF</Key>
        <Key>HARDERTHEYFALLFREQ</Key>
      </Abilities>
      <Directions>
        <Direction>
          <Right>true</Right>
        </Direction>
        <Direction>
          <Left>true</Left>
          <Up>true</Up>
        </Direction>
        <Direction>
          <Right>true</Right>
        </Direction>
        <Direction>
          <Left>true</Left>
          <Up>true</Up>
        </Direction>
      </Directions>
      <AbilitySpan>
        <Span>1</Span>
        <Span>1</Span>
        <Span>1</Span>
        <Span>1</Span>
      </AbilitySpan>
      <Costs>
        <Cost>15</Cost>
        <Cost>15</Cost>
        <Cost>15</Cost>
        <Cost>15</Cost>
      </Costs>
    </AbilityRow>
  </AbilityRows>
  <Careers>
    <Key>ENGINEER</Key>
  </Careers>
  <MatchingNodes>
    <Node>true</Node>
    <Node>false</Node>
    <Node>false</Node>
    <Node>true</Node>
  </MatchingNodes>
</SigAbility>