<?xml version="1.0"?>
<SigAbility xmlns:xsi="http://www.w3.org/2001/XMLSchema-instance" xmlns:xsd="http://www.w3.org/2001/XMLSchema">
  <Key>UNMATCHEDCALIBRATION</Key>
  <Name>Unmatched Calibration</Name>
  <Description>The character has the capacity to act with incredible accuracy and finesse, reacting dispassionately and deftly to problems and capitalizing on oppurtunites as they arise. Steady hands, sharp wits, and calm nerves developed while working on colatile engines, delicate instruments or ever-shifting Slicers' code give the Technician an edge in any situation. After all, composure and logical analysis are applicable to nearly any activity, whether that is defusing a bomb, calling up schematics in a hurry, or even participating in a firefight. Thus, even when facing novel, problems, the character can act efficiently and decisively, analyzing and dispatching the thorniest problems with practiced ease. To this technician, every problem is a puzzle to be solved, and there is always an optimal move to advance towards the answer.</Description>
  <Source Page="40">Special Modifications</Source>
  <Custom>DescOnly</Custom>
  <AbilityRows>
    <AbilityRow>
      <Abilities>
        <Key>UNMATCHEDCALIBRATIONBASIC</Key>
        <Key>UNMATCHEDCALIBRATIONBASIC</Key>
        <Key>UNMATCHEDCALIBRATIONBASIC</Key>
        <Key>UNMATCHEDCALIBRATIONBASIC</Key>
      </Abilities>
      <Directions>
        <Direction />
        <Direction>
          <Down>true</Down>
        </Direction>
        <Direction>
          <Down>true</Down>
        </Direction>
        <Direction />
      </Directions>
      <AbilitySpan>
        <Span>4</Span>
        <Span>0</Span>
        <Span>0</Span>
        <Span>0</Span>
      </AbilitySpan>
      <Costs>
        <Cost>30</Cost>
        <Cost>0</Cost>
        <Cost>0</Cost>
        <Cost>0</Cost>
      </Costs>
    </AbilityRow>
    <AbilityRow>
      <Abilities>
        <Key>UNMATCHEDCALIBRATIONSETBACK</Key>
        <Key>UNMATCHEDCALIBRATIONNUMBER</Key>
        <Key>UNMATCHEDCALIBRATIONFREQUENCY</Key>
        <Key>UNMATCHEDCALIBRATIONNUMBER</Key>
      </Abilities>
      <Directions>
        <Direction>
          <Right>true</Right>
          <Down>true</Down>
        </Direction>
        <Direction>
          <Left>true</Left>
          <Up>true</Up>
        </Direction>
        <Direction>
          <Right>true</Right>
          <Up>true</Up>
        </Direction>
        <Direction>
          <Left>true</Left>
          <Down>true</Down>
        </Direction>
      </Directions>
      <AbilitySpan>
        <Span>1</Span>
        <Span>1</Span>
        <Span>1</Span>
        <Span>1</Span>
      </AbilitySpan>
      <Costs>
        <Cost>10</Cost>
        <Cost>10</Cost>
        <Cost>10</Cost>
        <Cost>10</Cost>
      </Costs>
    </AbilityRow>
    <AbilityRow>
      <Abilities>
        <Key>UNMATCHEDCALIBRATIONDESTINY</Key>
        <Key>UNMATCHEDCALIBRATIONRISK</Key>
        <Key>UNMATCHEDCALIBRATIONOPTIMIZE</Key>
        <Key>UNMATCHEDCALIBRATIONACUMEN</Key>
      </Abilities>
      <Directions>
        <Direction>
          <Right>true</Right>
          <Up>true</Up>
        </Direction>
        <Direction>
          <Left>true</Left>
        </Direction>
        <Direction>
          <Right>true</Right>
        </Direction>
        <Direction>
          <Left>true</Left>
          <Up>true</Up>
        </Direction>
      </Directions>
      <AbilitySpan>
        <Span>1</Span>
        <Span>1</Span>
        <Span>1</Span>
        <Span>1</Span>
      </AbilitySpan>
      <Costs>
        <Cost>15</Cost>
        <Cost>15</Cost>
        <Cost>15</Cost>
        <Cost>15</Cost>
      </Costs>
    </AbilityRow>
  </AbilityRows>
  <Careers>
    <Key>TECHNICIAN</Key>
  </Careers>
  <MatchingNodes>
    <Node>true</Node>
    <Node>false</Node>
    <Node>false</Node>
    <Node>true</Node>
  </MatchingNodes>
</SigAbility>