<?xml version="1.0"?>
<Vehicle xmlns:xsi="http://www.w3.org/2001/XMLSchema-instance" xmlns:xsd="http://www.w3.org/2001/XMLSchema">
  <Key>CB7INTERCEPTOR</Key>
  <Name>Arlen-Dempler C-B7 "Interceptor"</Name>
  <Description>[H3]Arlen-Dempler C-B7 "Interceptor"[h3]
A boutique maker of luxury, high-performance landspeeders, Arlen-Dempler is based on the rainswept planet Iceni in the Corporate Sector. Its latest offering, the C-B7 Interceptor, is sleek, fast, and extremely well appointed. The Interceptor is a five-seat, two-door vehicle designed primarily for touring and long-range planetary trips. Each of these luxurious speeders comes standard with a high-end passenger entertainment system, high-performance handling package, environmental protection, and numerous other safety and comfort systems designed to protect and pamper the pilot and passengers. The C-B7 is highly modifiable, something rarely mentioned in selling points but a valued fact all intelligence agencies use to great advantage. 
[P]Despite all the luxury and performance, these landspeeders are remarkably simple machines under their attractive skins. They use numerous off-the-shelf parts from various vehicle manufacturers, par- ticularly SoroSuub and Incom, and both their design and construction are clean and intelligently laid out. This makes for easily maintained and modified vehicles with readily available parts. C-B7s are often issued to intelligence agents operating in classier parts of the Core Worlds and Mid Rim, where a certain amount of wealth and style is a requirement for a successful cover identity.</Description>
  <Source Page="61">Cyphers and Masks</Source>
  <Custom>AddedItem</Custom>
  <Type>Landspeeder</Type>
  <Categories>
    <Category>Land Vehicle</Category>
  </Categories>
  <HP>5</HP>
  <Price>21500</Price>
  <Rarity>5</Rarity>
  <MaxAltitude>Two meters</MaxAltitude>
  <Crew>One pilot.</Crew>
  <EncumbranceCapacity>4</EncumbranceCapacity>
  <Passengers>10</Passengers>
  <Silhouette>2</Silhouette>
  <Speed>4</Speed>
  <Handling>2</Handling>
  <Armor>1</Armor>
  <HullTrauma>4</HullTrauma>
  <SystemStrain>8</SystemStrain>
  <SensorRange>Close</SensorRange>
</Vehicle>