<?xml version="1.0"?>
<Vehicle xmlns:xsi="http://www.w3.org/2001/XMLSchema-instance" xmlns:xsd="http://www.w3.org/2001/XMLSchema">
  <Key>CUTLASS9</Key>
  <Name>Cutlass-9 Patrol fighter</Name>
  <Description>[H3][I]Cutlass-9[i] Patrol fighter[h3]
Produced in vast quantities by the SoroSuub Corporation prior to the rise of the Empire, these fighters were intended for use by SoroSuub alone. During
the Clone Wars, however, SoroSuub supplied them to
the Confederacy of Independent Systems. Following
the defeat of the Separatists, SoroSuub ceased production. However, thousands of Cutlass-9s remain in
planetary arsenals and pirate fleets across the galaxy.</Description>
  <Source>Mask of the Pirate Queen</Source>
  <Custom>DescOnly</Custom>
  <Type>Starfighter</Type>
  <Categories>
    <Category>Starship</Category>
  </Categories>
  <HP>3</HP>
  <Price>34700</Price>
  <Rarity>3</Rarity>
  <HyperdrivePrimary>2</HyperdrivePrimary>
  <NaviComputer>true</NaviComputer>
  <Crew>One pilot</Crew>
  <EncumbranceCapacity>12</EncumbranceCapacity>
  <Consumables>2 days</Consumables>
  <Silhouette>3</Silhouette>
  <Speed>2</Speed>
  <DefFore>1</DefFore>
  <DefAft>1</DefAft>
  <Armor>2</Armor>
  <HullTrauma>8</HullTrauma>
  <SystemStrain>9</SystemStrain>
  <Starship>true</Starship>
  <SinglePilot>true</SinglePilot>
  <VehicleWeapons>
    <VehicleWeapon>
      <FiringArcs>
        <Fore>true</Fore>
      </FiringArcs>
      <Location>Forward</Location>
      <Qualities>
        <Quality>
          <Key>LINKED</Key>
          <Count>1</Count>
        </Quality>
      </Qualities>
      <Key>LASERMED</Key>
      <Count>2</Count>
    </VehicleWeapon>
    <VehicleWeapon>
      <FiringArcs>
        <Fore>true</Fore>
      </FiringArcs>
      <Location>Forward</Location>
      <Qualities>
        <Quality>
          <Key>LINKED</Key>
          <Count>1</Count>
        </Quality>
      </Qualities>
      <Key>CML</Key>
    </VehicleWeapon>
  </VehicleWeapons>
  <SensorRange>Close</SensorRange>
</Vehicle>