<?xml version="1.0"?>
<Vehicle xmlns:xsi="http://www.w3.org/2001/XMLSchema-instance" xmlns:xsd="http://www.w3.org/2001/XMLSchema">
  <Key>D4DEFPLAT</Key>
  <Name>D-4 Mobile Defense Platform</Name>
  <Description>[H3]D-4 Mobile Defense Platform[h3]
[P]Incom developed this heavy landspeeder as a heavy response defense vehicle for urban crisis zones, and many militaries have adopted it for rescue operations. The vehicle can quickly deliver a squad of troops to a combat zone, and then provide cover and light fire support without the necessity of setting up a dedicated defense perimeter. In fierce zombat zones, a D-4 can be rapidly redeployed across the front lines during the course of a battle to provide its shields and firepower wherever most needed. The sight of a D-4 zooming toward a zone of heavy engagement has been often been more of a welcome sight for beleagured forces and a massive frustrations for attackers hoping to finally make a breakthrough.</Description>
  <Source>Keeping the Peace</Source>
  <Custom>DescOnly</Custom>
  <Type>Heavy Landspeeder</Type>
  <Categories>
    <Category>Land Vehicle</Category>
  </Categories>
  <HP>4</HP>
  <Price>20000</Price>
  <Rarity>6</Rarity>
  <BaseMods>
    <Mod>
      <Count>1</Count>
      <MiscDesc>[B]Defensive Platform[b]: As a maneuver, the driver may use the craft's shields to create a defensive dome (or withdraw it).  Reduce defense in all zones to 0, but the vehicle, and each other vehicle and character within short range (personal) counts as having Defense 3 against attacks from outside the dome.</MiscDesc>
    </Mod>
  </BaseMods>
  <MaxAltitude>5 meters</MaxAltitude>
  <SensorRangeValue>srShort</SensorRangeValue>
  <Crew>One driver, one operator, one gunner</Crew>
  <EncumbranceCapacity>20</EncumbranceCapacity>
  <Passengers>10</Passengers>
  <Silhouette>4</Silhouette>
  <Speed>2</Speed>
  <Handling>-2</Handling>
  <DefFore>3</DefFore>
  <DefAft>3</DefAft>
  <Armor>1</Armor>
  <HullTrauma>10</HullTrauma>
  <SystemStrain>12</SystemStrain>
  <VehicleWeapons>
    <VehicleWeapon>
      <FiringArcs>
        <Fore>true</Fore>
        <Aft>true</Aft>
        <Port>true</Port>
        <Starboard>true</Starboard>
      </FiringArcs>
      <Turret>true</Turret>
      <Key>BLASTHVYREP</Key>
      <Count>2</Count>
    </VehicleWeapon>
  </VehicleWeapons>
  <SensorRange>Short</SensorRange>
</Vehicle>