<?xml version="1.0"?>
<Vehicle xmlns:xsi="http://www.w3.org/2001/XMLSchema-instance" xmlns:xsd="http://www.w3.org/2001/XMLSchema">
  <Key>DORFANGFIGHTER</Key>
  <Name>Fang Fighter</Name>
  <Description>[H3]Protector Fang Fighter[h3]
Built for the Protectors' exclusive use, this agile starfighter is based on the designs for the Death Watch Gauntlet fighter used in the Clone Wars. The Fang fighter, however, is more compact and agile. Combining blazing speeds rarely found in other snubfighters with a unique pivot wing design to allow for unmatched maneuverability, the Fang Fighter is almost unrivaled when it comes to dogfighting. With dual laser cannons mounted on its rotating wingtips and a hidden proton torpedo launcher in its underbelly, the Fang fighter is capable of quickly destroying more heavily armored starfighters. Unfortunately, its lack of heavy armor, which allows it to maintain precision maneuverability, means that the Fang fighter can be destroyed with a few well aimed laser blasts.</Description>
  <Source Page="86">Dawn of Rebellion</Source>
  <Custom>AddedItem</Custom>
  <Type>Starfighter</Type>
  <Categories>
    <Category>Starship</Category>
  </Categories>
  <HP>1</HP>
  <Price>185000</Price>
  <Rarity>7</Rarity>
  <SensorRangeValue>srShort</SensorRangeValue>
  <Crew>One pilot</Crew>
  <EncumbranceCapacity>4</EncumbranceCapacity>
  <Consumables>Three days</Consumables>
  <Silhouette>3</Silhouette>
  <Speed>6</Speed>
  <Handling>3</Handling>
  <DefFore>1</DefFore>
  <DefAft>1</DefAft>
  <Armor>2</Armor>
  <HullTrauma>6</HullTrauma>
  <SystemStrain>8</SystemStrain>
  <Starship>true</Starship>
  <SinglePilot>true</SinglePilot>
  <VehicleWeapons>
    <VehicleWeapon>
      <FiringArcs>
        <Fore>true</Fore>
      </FiringArcs>
      <Location>Forward</Location>
      <Qualities>
        <Quality>
          <Key>LINKED</Key>
          <Count>1</Count>
        </Quality>
      </Qualities>
      <Key>LASERMED</Key>
    </VehicleWeapon>
    <VehicleWeapon>
      <FiringArcs>
        <Fore>true</Fore>
      </FiringArcs>
      <Location>Forward</Location>
      <Retractable>true</Retractable>
      <Key>PTL</Key>
    </VehicleWeapon>
  </VehicleWeapons>
  <SensorRange>Short</SensorRange>
</Vehicle>