<?xml version="1.0"?>
<Vehicle xmlns:xsi="http://www.w3.org/2001/XMLSchema-instance" xmlns:xsd="http://www.w3.org/2001/XMLSchema">
  <Key>FOOTSPEEDER</Key>
  <Name>Foot Speeder</Name>
  <Description>[H3]Foot Speeder[h3]
These curious contraptions combine the swiftness of a speeder car with an ease of storage and simple construction that makes keeping and maintaining them much less expensive than doing so for an actual vehicle. Foot speeders are contructed around a repulsorlift pad large enough for a single being to stand upon, with a steering vane extending up that doubles as a support for the occupant to hold arms.
[P]A foot speeder allows a person to function as a Silhoette 1, Speed 1, Handling -1, System Strain Threshold 4 vehicle that can only operate in atmosphere, and requires Piloting (Planetary) to operate. It has a flight ceiling of five meters.
[P][I]Note: This vehicle is also included as an inventory gear item.[i]</Description>
  <Source Page="50">Endless Vigil</Source>
  <Custom>DescOnly</Custom>
  <Type>Foot Speeder</Type>
  <Categories>
    <Category>Air Vehicle</Category>
  </Categories>
  <Price>2000</Price>
  <Rarity>4</Rarity>
  <MaxAltitude>5 meters</MaxAltitude>
  <SensorRangeValue>srNone</SensorRangeValue>
  <Crew>One occupant</Crew>
  <Silhouette>1</Silhouette>
  <Speed>1</Speed>
  <Handling>-1</Handling>
  <SystemStrain>4</SystemStrain>
  <SinglePilot>true</SinglePilot>
  <SensorRange>No Sensors</SensorRange>
</Vehicle>