<?xml version="1.0"?>
<Vehicle xmlns:xsi="http://www.w3.org/2001/XMLSchema-instance" xmlns:xsd="http://www.w3.org/2001/XMLSchema">
  <Key>GHOST</Key>
  <Name>Ghost</Name>
  <Description>[H3][I]Ghost[i][h3]
The Spectres commonly use the [I]Ghost[i] on their missions, which sadly means Imperial forces quickly recognize this VCX-100 freighter. Early on, it was modified to allow the docking of a shuttle (originally [I]Phantom[i], then [I]Phantom II[i]).</Description>
  <Source Page="77">Dawn of Rebellion</Source>
  <Custom>AddedItem</Custom>
  <Type>Light Freighter</Type>
  <Categories>
    <Category>Non-Fighter Starship</Category>
    <Category>Starship</Category>
  </Categories>
  <HP>5</HP>
  <Price>155000</Price>
  <Rarity>8</Rarity>
  <BaseMods>
    <Mod>
      <Count>1</Count>
      <MiscDesc>[B]Sensor Jammer:[b] Upgrade the difficulty of checks from incoming scans to verify indentification of this ship as the Ghost once.</MiscDesc>
    </Mod>
  </BaseMods>
  <HyperdrivePrimary>1</HyperdrivePrimary>
  <HyperdriveBackup>14</HyperdriveBackup>
  <StarFighters>One (custom).</StarFighters>
  <NaviComputer>true</NaviComputer>
  <SensorRangeValue>srShort</SensorRangeValue>
  <Crew>One pilot, one co-pilot/engineer, one turret gunner, one aft turret gunner, two crew.</Crew>
  <EncumbranceCapacity>200</EncumbranceCapacity>
  <Passengers>6</Passengers>
  <Consumables>One month.</Consumables>
  <Silhouette>5</Silhouette>
  <Speed>3</Speed>
  <Handling>-2</Handling>
  <DefFore>2</DefFore>
  <DefAft>2</DefAft>
  <DefPort>1</DefPort>
  <DefStarboard>1</DefStarboard>
  <Armor>5</Armor>
  <HullTrauma>32</HullTrauma>
  <SystemStrain>30</SystemStrain>
  <Starship>true</Starship>
  <VehicleWeapons>
    <VehicleWeapon>
      <FiringArcs>
        <Fore>true</Fore>
        <Aft>true</Aft>
        <Port>true</Port>
        <Starboard>true</Starboard>
        <Dorsal>true</Dorsal>
        <Ventral>true</Ventral>
      </FiringArcs>
      <Turret>true</Turret>
      <Qualities>
        <Quality>
          <Key>LINKED</Key>
          <Count>1</Count>
        </Quality>
      </Qualities>
      <Key>LASERLT</Key>
    </VehicleWeapon>
    <VehicleWeapon>
      <FiringArcs>
        <Aft>true</Aft>
      </FiringArcs>
      <Location>Aft</Location>
      <Qualities>
        <Quality>
          <Key>LINKED</Key>
          <Count>1</Count>
        </Quality>
      </Qualities>
      <Key>LASERLT</Key>
    </VehicleWeapon>
    <VehicleWeapon>
      <FiringArcs>
        <Fore>true</Fore>
      </FiringArcs>
      <Location>Forward</Location>
      <Qualities>
        <Quality>
          <Key>LINKED</Key>
          <Count>1</Count>
        </Quality>
      </Qualities>
      <Key>LASERMED</Key>
    </VehicleWeapon>
    <VehicleWeapon>
      <FiringArcs>
        <Fore>true</Fore>
      </FiringArcs>
      <Location>Forward</Location>
      <Qualities>
        <Quality>
          <Key>LINKED</Key>
          <Count>1</Count>
        </Quality>
      </Qualities>
      <Key>PTL</Key>
    </VehicleWeapon>
  </VehicleWeapons>
  <SensorRange>Short</SensorRange>
</Vehicle>