<?xml version="1.0"?>
<Vehicle xmlns:xsi="http://www.w3.org/2001/XMLSchema-instance" xmlns:xsd="http://www.w3.org/2001/XMLSchema">
  <Key>GOLAN1SPACEDEF</Key>
  <Name>Golan 1 Space Defense Platform</Name>
  <Description>[H3]Golan 1 Space Defense Platform[h3]

A very large, heavily armed and armored space platform, the Golan I is the first in a series of planetary space defense platforms built by Golan Arms. Designed to protect planets and important locations, the Golan I was developed during the Clone Wars to free up naval vessels for the war effort. While unable to contend with the overwhelming firepower of modern battle cruisers and Star Destroyers, the Golan I is more than a match for smaller capital vessels such as corvettes, frigates, and light cruisers, and its complement of starfighters and patrol ships can contend with starfighters and fast attack craft. 

[P]Since being surpassed by the larger, and much more heavily armed, Golan II and Golan III defense platforms (dozens of which can be found in orbit around Coruscant and other important Core Worlds), the Golan I has been largely relegated to protecting less critical planets and locations of secondary importance. The Imperial Customs Service acquired many of these space platforms, as well as several of their larger cousins, to serve as systems stations, coordinating operations for their ships and personnel across a wide area. Stationed in orbit around planets or along busy hyperlane routes, these stations monitor the flow of goods and traffic through their jurisdiction.</Description>
  <Source>Fly Casual</Source>
  <Custom>DescOnly</Custom>
  <Type>Space Station</Type>
  <Categories>
    <Category>Capital Ship</Category>
    <Category>Station</Category>
  </Categories>
  <HP>40</HP>
  <Price>26000000</Price>
  <Rarity>9</Rarity>
  <Restricted>true</Restricted>
  <StarFighters>24 TIE series starfighters, four patrol boats, and four shuttles</StarFighters>
  <Crew>5,000 officers, pilots, and crew</Crew>
  <EncumbranceCapacity>20000</EncumbranceCapacity>
  <Passengers>10000</Passengers>
  <Consumables>Two years</Consumables>
  <Silhouette>8</Silhouette>
  <DefFore>2</DefFore>
  <DefAft>2</DefAft>
  <DefPort>2</DefPort>
  <DefStarboard>2</DefStarboard>
  <Armor>6</Armor>
  <HullTrauma>300</HullTrauma>
  <SystemStrain>150</SystemStrain>
  <Massive>4</Massive>
  <VehicleWeapons>
    <VehicleWeapon>
      <FiringArcs>
        <Fore>true</Fore>
        <Aft>true</Aft>
        <Port>true</Port>
      </FiringArcs>
      <Turret>true</Turret>
      <Location>Port</Location>
      <Qualities>
        <Quality>
          <Key>BREACH</Key>
          <Count>3</Count>
        </Quality>
        <Quality>
          <Key>SLOWFIRING</Key>
          <Count>1</Count>
        </Quality>
      </Qualities>
      <Key>TURBOMED</Key>
      <Count>14</Count>
    </VehicleWeapon>
    <VehicleWeapon>
      <FiringArcs>
        <Fore>true</Fore>
        <Aft>true</Aft>
        <Starboard>true</Starboard>
      </FiringArcs>
      <Turret>true</Turret>
      <Location>Starboard</Location>
      <Qualities>
        <Quality>
          <Key>BREACH</Key>
          <Count>3</Count>
        </Quality>
        <Quality>
          <Key>SLOWFIRING</Key>
          <Count>1</Count>
        </Quality>
      </Qualities>
      <Key>TURBOMED</Key>
      <Count>14</Count>
    </VehicleWeapon>
    <VehicleWeapon>
      <FiringArcs>
        <Fore>true</Fore>
        <Aft>true</Aft>
        <Port>true</Port>
        <Starboard>true</Starboard>
        <Dorsal>true</Dorsal>
      </FiringArcs>
      <Turret>true</Turret>
      <Location>Dorsal</Location>
      <Qualities>
        <Quality>
          <Key>BLAST</Key>
          <Count>6</Count>
        </Quality>
        <Quality>
          <Key>BREACH</Key>
          <Count>6</Count>
        </Quality>
        <Quality>
          <Key>GUIDED</Key>
          <Count>2</Count>
        </Quality>
        <Quality>
          <Key>LIMITEDAMMO</Key>
          <Count>16</Count>
        </Quality>
        <Quality>
          <Key>SLOWFIRING</Key>
          <Count>1</Count>
        </Quality>
      </Qualities>
      <Key>PTL</Key>
      <Count>3</Count>
    </VehicleWeapon>
    <VehicleWeapon>
      <FiringArcs>
        <Fore>true</Fore>
        <Aft>true</Aft>
        <Port>true</Port>
        <Starboard>true</Starboard>
        <Ventral>true</Ventral>
      </FiringArcs>
      <Turret>true</Turret>
      <Location>Ventral</Location>
      <Qualities>
        <Quality>
          <Key>BLAST</Key>
          <Count>6</Count>
        </Quality>
        <Quality>
          <Key>BREACH</Key>
          <Count>6</Count>
        </Quality>
        <Quality>
          <Key>GUIDED</Key>
          <Count>2</Count>
        </Quality>
        <Quality>
          <Key>LIMITEDAMMO</Key>
          <Count>16</Count>
        </Quality>
        <Quality>
          <Key>SLOWFIRING</Key>
          <Count>1</Count>
        </Quality>
      </Qualities>
      <Key>PTL</Key>
      <Count>2</Count>
    </VehicleWeapon>
    <VehicleWeapon>
      <FiringArcs>
        <Fore>true</Fore>
        <Aft>true</Aft>
        <Port>true</Port>
      </FiringArcs>
      <Location>Port</Location>
      <Qualities>
        <Quality>
          <Key>TRACTOR</Key>
          <Count>6</Count>
        </Quality>
      </Qualities>
      <Key>TRACTHVY</Key>
      <Count>3</Count>
    </VehicleWeapon>
    <VehicleWeapon>
      <FiringArcs>
        <Fore>true</Fore>
        <Aft>true</Aft>
        <Starboard>true</Starboard>
      </FiringArcs>
      <Location>Starboard</Location>
      <Qualities>
        <Quality>
          <Key>TRACTOR</Key>
          <Count>6</Count>
        </Quality>
      </Qualities>
      <Key>TRACTHVY</Key>
      <Count>3</Count>
    </VehicleWeapon>
  </VehicleWeapons>
  <SensorRange>Close</SensorRange>
</Vehicle>