<?xml version="1.0"?>
<Vehicle xmlns:xsi="http://www.w3.org/2001/XMLSchema-instance" xmlns:xsd="http://www.w3.org/2001/XMLSchema">
  <Key>D-WING</Key>
  <Name>H-22A "D-wing" Heavy Attack Boat</Name>
  <Description>[H3]H-22A "D-wing" Heavy Attack Boat[h3]
Marketed by manufacturer Incom as a heavy attack boat, the H-22A is closer to a shuttle than a true starfighter. A combination of attack fighter and landing craft, it is designed for use in combat environments. To this end, the H-22A is heavily armored and shielded, boasting considerably more protection than a dedicated starfighter. The broad, wide wings that give rise to the "D-wing" designation mount tandem-firing proton torpedo launch tubes, and dual light laser cannons jut from beneath the nose of the craft's extended fuselage, providing the pilot with a dedicated weapon. A transparisteel blister projects above the middle hull, protecting the turret gunner for the craft's twin heavy laser cannons. Finally, the gunner seated in the transparisteel-enclosed turret aft of the boat provides defensive fire and deals with pursuers, allowing the pilot and forward gunner to focus on a primary target or on safely delivering passengers.
[P]The D-wing excels at blasting its way through fierce opposition in order to deposit a squad of fighters on a surface battlefield or to initiate a boarding action. The craft is a favorite of mercenary companies and certain aggressively minded adventurers, not to mention pirates across the Outer Rim.</Description>
  <Source Page="58">Knights of Fate</Source>
  <Custom>AddedItem</Custom>
  <Type>Shuttle</Type>
  <Categories>
    <Category>Starship</Category>
    <Category>Non-Fighter Starship</Category>
  </Categories>
  <HP>1</HP>
  <Price>145000</Price>
  <Rarity>6</Rarity>
  <HyperdrivePrimary>2</HyperdrivePrimary>
  <NaviComputer>true</NaviComputer>
  <SensorRangeValue>srShort</SensorRangeValue>
  <Crew>One pilot, two gunners.</Crew>
  <EncumbranceCapacity>120</EncumbranceCapacity>
  <Passengers>12</Passengers>
  <Consumables>Two weeks.</Consumables>
  <Silhouette>4</Silhouette>
  <Speed>3</Speed>
  <Handling>-2</Handling>
  <DefFore>2</DefFore>
  <DefAft>1</DefAft>
  <Armor>4</Armor>
  <HullTrauma>20</HullTrauma>
  <SystemStrain>14</SystemStrain>
  <Starship>true</Starship>
  <VehicleWeapons>
    <VehicleWeapon>
      <FiringArcs>
        <Fore>true</Fore>
        <Aft>true</Aft>
        <Port>true</Port>
        <Starboard>true</Starboard>
        <Dorsal>true</Dorsal>
        <Ventral>true</Ventral>
      </FiringArcs>
      <Turret>true</Turret>
      <Location>Dorsal</Location>
      <Qualities>
        <Quality>
          <Key>LINKED</Key>
          <Count>1</Count>
        </Quality>
      </Qualities>
      <Key>LASERHVY</Key>
    </VehicleWeapon>
    <VehicleWeapon>
      <FiringArcs>
        <Fore>true</Fore>
      </FiringArcs>
      <Location>Forward</Location>
      <Qualities>
        <Quality>
          <Key>LINKED</Key>
          <Count>1</Count>
        </Quality>
      </Qualities>
      <Key>LASERLT</Key>
    </VehicleWeapon>
    <VehicleWeapon>
      <FiringArcs>
        <Fore>true</Fore>
      </FiringArcs>
      <Location>WingMounted</Location>
      <Qualities>
        <Quality>
          <Key>LINKED</Key>
          <Count>1</Count>
        </Quality>
      </Qualities>
      <Key>PTL</Key>
    </VehicleWeapon>
    <VehicleWeapon>
      <FiringArcs>
        <Aft>true</Aft>
        <Port>true</Port>
        <Starboard>true</Starboard>
      </FiringArcs>
      <Turret>true</Turret>
      <Location>Ventral</Location>
      <Qualities>
        <Quality>
          <Key>LINKED</Key>
          <Count>3</Count>
        </Quality>
      </Qualities>
      <Key>AUTOBLAST</Key>
    </VehicleWeapon>
  </VehicleWeapons>
  <SensorRange>Short</SensorRange>
</Vehicle>