<?xml version="1.0"?>
<Vehicle xmlns:xsi="http://www.w3.org/2001/XMLSchema-instance" xmlns:xsd="http://www.w3.org/2001/XMLSchema">
  <Key>HT2200</Key>
  <Name>HT-2200 Medium Freighter</Name>
  <Description>[H3]HT-2200 Medium Freighter[h3]

Corellian Engineering Corporation's HT-2200 is a lumbering, slab-sided medium freighter initially designed to capitalize on the success of CEC's wildly popular YT-series of light freighters. Solidly built and packed with state of the art avionics and cargo handling systems, these massive vessels are shaped like a tuning fork with the crew, weapons, and engineering sections in the central hull and four airtight cargo holds in the port and starboard booms. The trademark CEC conical cockpit is located amidships between the booms, giving the pilot and co-pilot a nearly 180 degree view of their surroundings. The ship's primary selling point, aside from its vast cargo capacity for a ship of its size, is the design of its holds. Each of the four holds is shielded, reinforced, and contains a number of modular cargo systems that allow them to be configured for different types of cargo. In addition, each hold has its own environmental systems, allowing the crew to adjust the temperature, atmospheric makeup, and gravity of each hold separately. 

[P]Initial reviews were favorable, and orders steadily came in from large shipping concerns in the mid and Outer Rim territories. As pilots and crews became more familiar with them, however, they reported a number of serious shortcomings. While the hull and power distribution systems were designed to allow the types of modification and hot-rodding that CEC ships are famous for, the ships' primary power generator was woefully underpowered. In addition, thanks to these power shortcomings and the choice of Koensayr's single-tube ion drive as its primary drive, the HT-2200 proved slow and sluggish with poor acceleration and even poorer maneuverability. This, along with its surprisingly light weapons loadout, made the freighters easy pickings for pirates. Despite all of their inherent flaws, HT-2200s remain in limited production, thanks to their advanced cargo systems and sturdy hull.</Description>
  <Sources>
    <Source>Far Horizons</Source>
    <Source>Force and Destiny Core Rulebook</Source>
  </Sources>
  <Custom>DescOnly</Custom>
  <Type>Freighter</Type>
  <Categories>
    <Category>Starship</Category>
    <Category>Non-Fighter Starship</Category>
  </Categories>
  <HP>5</HP>
  <Price>140000</Price>
  <Rarity>5</Rarity>
  <HyperdrivePrimary>3</HyperdrivePrimary>
  <HyperdriveBackup>15</HyperdriveBackup>
  <NaviComputer>true</NaviComputer>
  <Crew>One pilot, one co-pilot, one engineer, one loadmaster</Crew>
  <EncumbranceCapacity>800</EncumbranceCapacity>
  <Passengers>8</Passengers>
  <Consumables>Three months</Consumables>
  <Silhouette>5</Silhouette>
  <Speed>2</Speed>
  <Handling>-2</Handling>
  <DefFore>1</DefFore>
  <DefPort>1</DefPort>
  <DefStarboard>1</DefStarboard>
  <Armor>5</Armor>
  <HullTrauma>35</HullTrauma>
  <SystemStrain>14</SystemStrain>
  <Starship>true</Starship>
  <VehicleWeapons>
    <VehicleWeapon>
      <FiringArcs>
        <Fore>true</Fore>
        <Aft>true</Aft>
        <Port>true</Port>
        <Starboard>true</Starboard>
        <Dorsal>true</Dorsal>
      </FiringArcs>
      <Location>Dorsal</Location>
      <Key>LASERMED</Key>
    </VehicleWeapon>
    <VehicleWeapon>
      <FiringArcs>
        <Fore>true</Fore>
        <Aft>true</Aft>
        <Port>true</Port>
        <Starboard>true</Starboard>
        <Ventral>true</Ventral>
      </FiringArcs>
      <Location>Ventral</Location>
      <Key>LASERMED</Key>
    </VehicleWeapon>
  </VehicleWeapons>
  <SensorRange>Close</SensorRange>
</Vehicle>