<?xml version="1.0"?>
<ForcePower xmlns:xsi="http://www.w3.org/2001/XMLSchema-instance" xmlns:xsd="http://www.w3.org/2001/XMLSchema">
  <Key>CONJURE</Key>
  <Name>Conjure</Name>
  <Description>[H4]Force Power: Conjure[h4]
Some of the more esoteric uses of the Force can seem like magic to the ignorant and uninformed. While most Force users can move objects with their mind and sense what's going on around them with otherworldly perception, some Force-sensitives can do far stranger and more wondrous things. These individuals often learn the ways of the Force as a part of one of the many minor Force traditions scattered around the galaxy. Organizations such as the now-destroyed Nightsisters of Dathomir or the secretive Dagoyan Order teach ways to use the Force that would seem strange to most of the ancient Jedi, or those who no struggle to inherit their mantle.
[P] The Nightsisters were known to be able to use the Force to summon a glowing green ichor known as the "Waters of Life." With this, they could form tools, weapons, and even facsimiles of living creatures. While this power could not create complicated technological implements such as a blaster or a speeder bike, the most powerful Nightsisters were said to have been able to conjure blades that could withstand a Jedi's lightsaber, and even imbue the bodies of the dead with a ghastly parody of life.</Description>
  <Source Page="39">Unlimited Power</Source>
  <Custom>AddedItem</Custom>
  <AbilityRows>
    <AbilityRow>
      <Abilities>
        <Key>CONJUREBASIC</Key>
        <Key>CONJUREBASIC</Key>
        <Key>CONJUREBASIC</Key>
        <Key>CONJUREBASIC</Key>
      </Abilities>
      <Directions>
        <Direction>
          <Down>true</Down>
        </Direction>
        <Direction>
          <Down>true</Down>
        </Direction>
        <Direction />
        <Direction>
          <Down>true</Down>
        </Direction>
      </Directions>
      <AbilitySpan>
        <Span>4</Span>
        <Span>0</Span>
        <Span>0</Span>
        <Span>0</Span>
      </AbilitySpan>
      <Costs>
        <Cost>20</Cost>
        <Cost>0</Cost>
        <Cost>0</Cost>
        <Cost>0</Cost>
      </Costs>
    </AbilityRow>
    <AbilityRow>
      <Abilities>
        <Key>CONJUREDURATION</Key>
        <Key>CONJURENUMBER</Key>
        <Key>CONJUREMAGNITUDE</Key>
        <Key>CONJUREMAGNITUDE</Key>
      </Abilities>
      <Directions>
        <Direction>
          <Right>true</Right>
          <Up>true</Up>
          <Down>true</Down>
        </Direction>
        <Direction>
          <Left>true</Left>
          <Up>true</Up>
          <Down>true</Down>
        </Direction>
        <Direction>
          <Down>true</Down>
        </Direction>
        <Direction>
          <Up>true</Up>
          <Down>true</Down>
        </Direction>
      </Directions>
      <AbilitySpan>
        <Span>1</Span>
        <Span>1</Span>
        <Span>2</Span>
        <Span>0</Span>
      </AbilitySpan>
      <Costs>
        <Cost>15</Cost>
        <Cost>10</Cost>
        <Cost>10</Cost>
        <Cost>0</Cost>
      </Costs>
    </AbilityRow>
    <AbilityRow>
      <Abilities>
        <Key>CONJUREMAGNITUDE</Key>
        <Key>CONJUREMAGNITUDE</Key>
        <Key>CONJURECONTROL1</Key>
        <Key>CONJUREDURATION</Key>
      </Abilities>
      <Directions>
        <Direction>
          <Up>true</Up>
          <Down>true</Down>
        </Direction>
        <Direction>
          <Up>true</Up>
          <Down>true</Down>
        </Direction>
        <Direction>
          <Right>true</Right>
          <Up>true</Up>
          <Down>true</Down>
        </Direction>
        <Direction>
          <Left>true</Left>
          <Up>true</Up>
        </Direction>
      </Directions>
      <AbilitySpan>
        <Span>2</Span>
        <Span>0</Span>
        <Span>1</Span>
        <Span>1</Span>
      </AbilitySpan>
      <Costs>
        <Cost>20</Cost>
        <Cost>0</Cost>
        <Cost>10</Cost>
        <Cost>15</Cost>
      </Costs>
    </AbilityRow>
    <AbilityRow>
      <Abilities>
        <Key>CONJURENUMBER</Key>
        <Key>CONJURECONTROL2</Key>
        <Key>CONJURERANGE</Key>
        <Key>CONJUREDURATION</Key>
      </Abilities>
      <Directions>
        <Direction>
          <Right>true</Right>
          <Up>true</Up>
          <Down>true</Down>
        </Direction>
        <Direction>
          <Left>true</Left>
          <Right>true</Right>
          <Up>true</Up>
        </Direction>
        <Direction>
          <Left>true</Left>
          <Right>true</Right>
          <Up>true</Up>
        </Direction>
        <Direction>
          <Left>true</Left>
        </Direction>
      </Directions>
      <AbilitySpan>
        <Span>1</Span>
        <Span>1</Span>
        <Span>1</Span>
        <Span>1</Span>
      </AbilitySpan>
      <Costs>
        <Cost>10</Cost>
        <Cost>15</Cost>
        <Cost>20</Cost>
        <Cost>15</Cost>
      </Costs>
    </AbilityRow>
    <AbilityRow>
      <Abilities>
        <Key>CONJUREMASTERY</Key>
        <Key>CONJUREMASTERY</Key>
        <Key>CONJUREMASTERY</Key>
        <Key>CONJUREMASTERY</Key>
      </Abilities>
      <Directions>
        <Direction>
          <Up>true</Up>
        </Direction>
        <Direction />
        <Direction />
        <Direction />
      </Directions>
      <AbilitySpan>
        <Span>4</Span>
        <Span>0</Span>
        <Span>0</Span>
        <Span>0</Span>
      </AbilitySpan>
      <Costs>
        <Cost>20</Cost>
        <Cost>0</Cost>
        <Cost>0</Cost>
        <Cost>0</Cost>
      </Costs>
    </AbilityRow>
  </AbilityRows>
</ForcePower>