<?xml version="1.0"?>
<ForcePower xmlns:xsi="http://www.w3.org/2001/XMLSchema-instance" xmlns:xsd="http://www.w3.org/2001/XMLSchema">
  <Key>FARSIGHT</Key>
  <Name>Farsight</Name>
  <Description>[H4]Force Power: Farsight[h4]
In its most basic form, Farsight allows he Force user to see in situations in which normal visual detection would be impossible, such as in total darkness or heavily obscuring smoke. Using Farsight, it is even possible for those without eyes or have lost their sight to see with perfect vision.
</Description>
  <Source Page="36">Savage Spirits</Source>
  <Custom>DescOnly</Custom>
  <AbilityRows>
    <AbilityRow>
      <Abilities>
        <Key>FARSIGHTBASIC</Key>
        <Key>FARSIGHTBASIC</Key>
        <Key>FARSIGHTBASIC</Key>
        <Key>FARSIGHTBASIC</Key>
      </Abilities>
      <Directions>
        <Direction>
          <Down>true</Down>
        </Direction>
        <Direction />
        <Direction>
          <Down>true</Down>
        </Direction>
        <Direction />
      </Directions>
      <AbilitySpan>
        <Span>4</Span>
        <Span>0</Span>
        <Span>0</Span>
        <Span>0</Span>
      </AbilitySpan>
      <Costs>
        <Cost>5</Cost>
        <Cost>0</Cost>
        <Cost>0</Cost>
        <Cost>0</Cost>
      </Costs>
    </AbilityRow>
    <AbilityRow>
      <Abilities>
        <Key>FARSIGHTCONTROL1</Key>
        <Key>FARSIGHTCONTROL2</Key>
        <Key>FARSIGHTCONTROL6</Key>
        <Key>FARSIGHTDURATION</Key>
      </Abilities>
      <Directions>
        <Direction>
          <Up>true</Up>
          <Down>true</Down>
        </Direction>
        <Direction>
          <Right>true</Right>
          <Down>true</Down>
        </Direction>
        <Direction>
          <Left>true</Left>
          <Right>true</Right>
          <Up>true</Up>
          <Down>true</Down>
        </Direction>
        <Direction>
          <Left>true</Left>
        </Direction>
      </Directions>
      <AbilitySpan>
        <Span>1</Span>
        <Span>1</Span>
        <Span>1</Span>
        <Span>1</Span>
      </AbilitySpan>
      <Costs>
        <Cost>5</Cost>
        <Cost>5</Cost>
        <Cost>5</Cost>
        <Cost>5</Cost>
      </Costs>
    </AbilityRow>
    <AbilityRow>
      <Abilities>
        <Key>FARSIGHTRANGE</Key>
        <Key>FARSIGHTDURATION</Key>
        <Key>FARSIGHTCONTROL3</Key>
        <Key>FARSIGHTRANGE</Key>
      </Abilities>
      <Directions>
        <Direction>
          <Up>true</Up>
        </Direction>
        <Direction>
          <Right>true</Right>
          <Up>true</Up>
          <Down>true</Down>
        </Direction>
        <Direction>
          <Left>true</Left>
          <Right>true</Right>
          <Up>true</Up>
          <Down>true</Down>
        </Direction>
        <Direction>
          <Left>true</Left>
          <Down>true</Down>
        </Direction>
      </Directions>
      <AbilitySpan>
        <Span>1</Span>
        <Span>1</Span>
        <Span>1</Span>
        <Span>1</Span>
      </AbilitySpan>
      <Costs>
        <Cost>10</Cost>
        <Cost>5</Cost>
        <Cost>10</Cost>
        <Cost>10</Cost>
      </Costs>
    </AbilityRow>
    <AbilityRow>
      <Abilities>
        <Key>FARSIGHTCONTROL4</Key>
        <Key>FARSIGHTCONTROL5</Key>
        <Key>FARSIGHTMASTERY</Key>
        <Key>FARSIGHTMASTERY</Key>
      </Abilities>
      <Directions>
        <Direction>
          <Right>true</Right>
        </Direction>
        <Direction>
          <Left>true</Left>
          <Right>true</Right>
          <Up>true</Up>
        </Direction>
        <Direction>
          <Left>true</Left>
          <Up>true</Up>
        </Direction>
        <Direction />
      </Directions>
      <AbilitySpan>
        <Span>1</Span>
        <Span>1</Span>
        <Span>2</Span>
        <Span>0</Span>
      </AbilitySpan>
      <Costs>
        <Cost>15</Cost>
        <Cost>10</Cost>
        <Cost>20</Cost>
        <Cost>0</Cost>
      </Costs>
    </AbilityRow>
  </AbilityRows>
</ForcePower>