<?xml version="1.0"?>
<ForcePower xmlns:xsi="http://www.w3.org/2001/XMLSchema-instance" xmlns:xsd="http://www.w3.org/2001/XMLSchema">
  <Key>FORSEE</Key>
  <Name>Foresee</Name>
  <Description>
    [H4]Force Power: Foresee[h4]

Force users often have precognitive flashes, experiencing waking dreams or visions about people and situations through their abilities. These powers are rarely so clear and obvious as to provide unequivocal visions of the future, but they are certainly enough to give Force users pause for thought when they have a "bad feeling about something." 

[P]The power of foresight has been used in countless different ways by countless different Force users throughout history. Some use it to gain vague images far into the future, while others use it to predict the movements of their foes or see an unexpected event soon to happen.</Description>
  <Sources>
    <Source>Age of Rebellion Core Rulebook</Source>
    <Source>Force and Destiny Core Rulebook</Source>
  </Sources>
  <Custom>DescOnly</Custom>
  <AbilityRows>
    <AbilityRow>
      <Abilities>
        <Key>FORSEEBASIC</Key>
        <Key>FORSEEBASIC</Key>
        <Key>FORSEEBASIC</Key>
        <Key>FORSEEBASIC</Key>
      </Abilities>
      <Directions>
        <Direction>
          <Down>true</Down>
        </Direction>
        <Direction>
          <Down>true</Down>
        </Direction>
        <Direction>
          <Down>true</Down>
        </Direction>
        <Direction>
          <Down>true</Down>
        </Direction>
      </Directions>
      <AbilitySpan>
        <Span>4</Span>
        <Span>0</Span>
        <Span>0</Span>
        <Span>0</Span>
      </AbilitySpan>
      <Costs>
        <Cost>10</Cost>
        <Cost>0</Cost>
        <Cost>0</Cost>
        <Cost>0</Cost>
      </Costs>
    </AbilityRow>
    <AbilityRow>
      <Index>1</Index>
      <Abilities>
        <Key>FORSEECONTROL1</Key>
        <Key>FORSEECONTROL1</Key>
        <Key>FORSEECONTROL1</Key>
        <Key>FORSEESTRENGTH</Key>
      </Abilities>
      <Directions>
        <Direction>
          <Up>true</Up>
          <Down>true</Down>
        </Direction>
        <Direction>
          <Up>true</Up>
          <Down>true</Down>
        </Direction>
        <Direction>
          <Up>true</Up>
          <Down>true</Down>
        </Direction>
        <Direction>
          <Up>true</Up>
          <Down>true</Down>
        </Direction>
      </Directions>
      <AbilitySpan>
        <Span>3</Span>
        <Span>0</Span>
        <Span>0</Span>
        <Span>1</Span>
      </AbilitySpan>
      <Costs>
        <Cost>10</Cost>
        <Cost>0</Cost>
        <Cost>0</Cost>
        <Cost>5</Cost>
      </Costs>
    </AbilityRow>
    <AbilityRow>
      <Index>2</Index>
      <Abilities>
        <Key>FORSEEMAGNITUDE</Key>
        <Key>FORSEERANGE</Key>
        <Key>FORSEECONTROL2</Key>
        <Key>FORSEEDURATION</Key>
      </Abilities>
      <Directions>
        <Direction>
          <Up>true</Up>
          <Down>true</Down>
        </Direction>
        <Direction>
          <Up>true</Up>
          <Down>true</Down>
        </Direction>
        <Direction>
          <Up>true</Up>
        </Direction>
        <Direction>
          <Up>true</Up>
          <Down>true</Down>
        </Direction>
      </Directions>
      <AbilitySpan>
        <Span>1</Span>
        <Span>1</Span>
        <Span>1</Span>
        <Span>1</Span>
      </AbilitySpan>
      <Costs>
        <Cost>5</Cost>
        <Cost>5</Cost>
        <Cost>10</Cost>
        <Cost>5</Cost>
      </Costs>
    </AbilityRow>
    <AbilityRow>
      <Index>3</Index>
      <Abilities>
        <Key>FORSEEMAGNITUDE</Key>
        <Key>FORSEERANGE</Key>
        <Key>FORSEERANGE</Key>
        <Key>FORSEESTRENGTH</Key>
      </Abilities>
      <Directions>
        <Direction>
          <Up>true</Up>
          <Down>true</Down>
        </Direction>
        <Direction>
          <Right>true</Right>
          <Up>true</Up>
        </Direction>
        <Direction>
          <Left>true</Left>
          <Down>true</Down>
        </Direction>
        <Direction>
          <Up>true</Up>
          <Down>true</Down>
        </Direction>
      </Directions>
      <AbilitySpan>
        <Span>1</Span>
        <Span>1</Span>
        <Span>1</Span>
        <Span>1</Span>
      </AbilitySpan>
      <Costs>
        <Cost>5</Cost>
        <Cost>5</Cost>
        <Cost>5</Cost>
        <Cost>5</Cost>
      </Costs>
    </AbilityRow>
    <AbilityRow>
      <Index>4</Index>
      <Abilities>
        <Key>FORSEECONTROL3</Key>
        <Key>FORSEECONTROL3</Key>
        <Key>FORSEECONTROL3</Key>
        <Key>FORSEEDURATION</Key>
      </Abilities>
      <Directions>
        <Direction>
          <Up>true</Up>
        </Direction>
        <Direction />
        <Direction>
          <Up>true</Up>
        </Direction>
        <Direction>
          <Up>true</Up>
        </Direction>
      </Directions>
      <AbilitySpan>
        <Span>3</Span>
        <Span>0</Span>
        <Span>0</Span>
        <Span>1</Span>
      </AbilitySpan>
      <Costs>
        <Cost>15</Cost>
        <Cost>0</Cost>
        <Cost>0</Cost>
        <Cost>5</Cost>
      </Costs>
    </AbilityRow>
  </AbilityRows>
</ForcePower>