<?xml version="1.0"?>
<ForcePower xmlns:xsi="http://www.w3.org/2001/XMLSchema-instance" xmlns:xsd="http://www.w3.org/2001/XMLSchema">
  <Key>JERINF</Key>
  <Name>Jerserra's Influence</Name>
  <Description>[H4]Force Power: Jerserre's Influence[h4]
Jerserra combined her Inquisitor's strict training with her guidance from her shard of the Nardithi Cluster and found a way to project fear onto her foes. Other Force users, through encountering Jerserra and her power, can learn to do the same.
[P]The user may spend [FP] to target one character within short range. That character must immediately make an [B]Average ([DI][DI]) fear check as an out of turn incidental. The user may not activate this multiple times.
</Description>
  <Source Page="13">Ghosts of Dathomir</Source>
  <Custom>AddedItem</Custom>
  <AbilityRows>
    <AbilityRow>
      <Abilities>
        <Key>JERINFBASIC</Key>
        <Key>JERINFBASIC</Key>
        <Key>JERINFBASIC</Key>
        <Key>JERINFBASIC</Key>
      </Abilities>
      <Directions>
        <Direction>
          <Down>true</Down>
        </Direction>
        <Direction>
          <Down>true</Down>
        </Direction>
        <Direction />
        <Direction />
      </Directions>
      <AbilitySpan>
        <Span>4</Span>
        <Span>0</Span>
        <Span>0</Span>
        <Span>0</Span>
      </AbilitySpan>
      <Costs>
        <Cost>10</Cost>
        <Cost>0</Cost>
        <Cost>0</Cost>
        <Cost>0</Cost>
      </Costs>
    </AbilityRow>
    <AbilityRow>
      <Abilities>
        <Key>JERINFRANGE</Key>
        <Key>JERINFSTRENGTH</Key>
        <Key>JERINFSTRENGTH</Key>
        <Key>JERINFSTRENGTH</Key>
      </Abilities>
      <Directions>
        <Direction>
          <Up>true</Up>
          <Down>true</Down>
        </Direction>
        <Direction>
          <Up>true</Up>
        </Direction>
        <Direction>
          <Down>true</Down>
        </Direction>
        <Direction />
      </Directions>
      <AbilitySpan>
        <Span>1</Span>
        <Span>3</Span>
        <Span>0</Span>
        <Span>0</Span>
      </AbilitySpan>
      <Costs>
        <Cost>5</Cost>
        <Cost>10</Cost>
        <Cost>0</Cost>
        <Cost>0</Cost>
      </Costs>
    </AbilityRow>
    <AbilityRow>
      <Abilities>
        <Key>JERINFCONTROL1</Key>
        <Key>JERINFRANGE</Key>
        <Key>JERINFCONTROL2</Key>
        <Key>JERINFMAGNITUDE</Key>
      </Abilities>
      <Directions>
        <Direction>
          <Right>true</Right>
          <Up>true</Up>
          <Down>true</Down>
        </Direction>
        <Direction>
          <Left>true</Left>
          <Down>true</Down>
        </Direction>
        <Direction>
          <Right>true</Right>
          <Up>true</Up>
        </Direction>
        <Direction>
          <Left>true</Left>
          <Down>true</Down>
        </Direction>
      </Directions>
      <AbilitySpan>
        <Span>1</Span>
        <Span>1</Span>
        <Span>1</Span>
        <Span>1</Span>
      </AbilitySpan>
      <Costs>
        <Cost>10</Cost>
        <Cost>10</Cost>
        <Cost>10</Cost>
        <Cost>10</Cost>
      </Costs>
    </AbilityRow>
    <AbilityRow>
      <Abilities>
        <Key>JERINFMAGNITUDE</Key>
        <Key>JERINFSTRENGTH</Key>
        <Key>JERINFCONTROL3</Key>
        <Key>JERINFRANGE</Key>
      </Abilities>
      <Directions>
        <Direction>
          <Right>true</Right>
          <Up>true</Up>
        </Direction>
        <Direction>
          <Left>true</Left>
          <Up>true</Up>
          <Down>true</Down>
        </Direction>
        <Direction>
          <Right>true</Right>
        </Direction>
        <Direction>
          <Left>true</Left>
          <Up>true</Up>
          <Down>true</Down>
        </Direction>
      </Directions>
      <AbilitySpan>
        <Span>1</Span>
        <Span>1</Span>
        <Span>1</Span>
        <Span>1</Span>
      </AbilitySpan>
      <Costs>
        <Cost>10</Cost>
        <Cost>10</Cost>
        <Cost>15</Cost>
        <Cost>15</Cost>
      </Costs>
    </AbilityRow>
    <AbilityRow>
      <Abilities>
        <Key>JERINFMASTERY1</Key>
        <Key>JERINFMASTERY1</Key>
        <Key>JERINFMASTERY2</Key>
        <Key>JERINFMASTERY2</Key>
      </Abilities>
      <Directions>
        <Direction>
          <Right>true</Right>
        </Direction>
        <Direction>
          <Left>true</Left>
          <Right>true</Right>
          <Up>true</Up>
        </Direction>
        <Direction>
          <Left>true</Left>
        </Direction>
        <Direction>
          <Up>true</Up>
        </Direction>
      </Directions>
      <AbilitySpan>
        <Span>2</Span>
        <Span>0</Span>
        <Span>2</Span>
        <Span>0</Span>
      </AbilitySpan>
      <Costs>
        <Cost>15</Cost>
        <Cost>0</Cost>
        <Cost>5</Cost>
        <Cost>0</Cost>
      </Costs>
    </AbilityRow>
  </AbilityRows>
  <MinForceRating>2</MinForceRating>
</ForcePower>