<?xml version="1.0"?>
<ForcePower xmlns:xsi="http://www.w3.org/2001/XMLSchema-instance" xmlns:xsd="http://www.w3.org/2001/XMLSchema">
  <Key>WARFOR</Key>
  <Name>Warde's Foresight</Name>
  <Description>[H4]Force Power: Warde's Foresight[h4]
Warde’s Foresight differs from many other prophetic abilities in that it focuses very narrowly on a specific person. At the most basic level, it observes not the future of the cosmos but the fate of a particular individual. However, even these hints that Warde’s power of prophecy grants are only likelihoods. The future is volatile, shifting with the choices of individuals. Even the decision whether or not to act on these visions of possible futures can alter results they foreshadowed. 
[P]The basic power has one way to spend Force points: the user may spend [FP] to gain hints about what an individual within short range is likely to do in the near future. In structured gameplay, this knowledge does not typically extend beyond the end of the current encounter.
</Description>
  <Source>Chronicles of the Gatekeeper</Source>
  <Custom>DescOnly</Custom>
  <AbilityRows>
    <AbilityRow>
      <Abilities>
        <Key>WARFORBASIC</Key>
        <Key>WARFORBASIC</Key>
        <Key>WARFORBASIC</Key>
        <Key />
      </Abilities>
      <Directions>
        <Direction>
          <Down>true</Down>
        </Direction>
        <Direction>
          <Down>true</Down>
        </Direction>
        <Direction />
        <Direction />
      </Directions>
      <AbilitySpan>
        <Span>3</Span>
        <Span>0</Span>
        <Span>0</Span>
        <Span>1</Span>
      </AbilitySpan>
      <Costs>
        <Cost>10</Cost>
        <Cost>0</Cost>
        <Cost>0</Cost>
        <Cost>5</Cost>
      </Costs>
    </AbilityRow>
    <AbilityRow>
      <Abilities>
        <Key>WARFORRANGE</Key>
        <Key>WARFORCONTROL1</Key>
        <Key>WARFORCONTROL1</Key>
        <Key>WARFORCONTROL1</Key>
      </Abilities>
      <Directions>
        <Direction>
          <Up>true</Up>
          <Down>true</Down>
        </Direction>
        <Direction>
          <Up>true</Up>
        </Direction>
        <Direction>
          <Down>true</Down>
        </Direction>
        <Direction>
          <Down>true</Down>
        </Direction>
      </Directions>
      <AbilitySpan>
        <Span>1</Span>
        <Span>3</Span>
        <Span>0</Span>
        <Span>0</Span>
      </AbilitySpan>
      <Costs>
        <Cost>5</Cost>
        <Cost>10</Cost>
        <Cost>0</Cost>
        <Cost>0</Cost>
      </Costs>
    </AbilityRow>
    <AbilityRow>
      <Abilities>
        <Key>WARFORSTRENGTH</Key>
        <Key>WARFORCONTROL2</Key>
        <Key>WARFORDURATION</Key>
        <Key>WARFORDURATION</Key>
      </Abilities>
      <Directions>
        <Direction>
          <Right>true</Right>
          <Up>true</Up>
          <Down>true</Down>
        </Direction>
        <Direction>
          <Left>true</Left>
        </Direction>
        <Direction>
          <Up>true</Up>
          <Down>true</Down>
        </Direction>
        <Direction>
          <Up>true</Up>
        </Direction>
      </Directions>
      <AbilitySpan>
        <Span>1</Span>
        <Span>1</Span>
        <Span>1</Span>
        <Span>1</Span>
      </AbilitySpan>
      <Costs>
        <Cost>10</Cost>
        <Cost>10</Cost>
        <Cost>10</Cost>
        <Cost>10</Cost>
      </Costs>
    </AbilityRow>
    <AbilityRow>
      <Abilities>
        <Key>WARFORRANGE</Key>
        <Key>WARFORDURATION</Key>
        <Key>WARFORCONTROL3</Key>
        <Key>WARFORMAGNITUDE</Key>
      </Abilities>
      <Directions>
        <Direction>
          <Right>true</Right>
          <Up>true</Up>
          <Down>true</Down>
        </Direction>
        <Direction>
          <Left>true</Left>
        </Direction>
        <Direction>
          <Right>true</Right>
          <Up>true</Up>
        </Direction>
        <Direction>
          <Left>true</Left>
          <Down>true</Down>
        </Direction>
      </Directions>
      <AbilitySpan>
        <Span>1</Span>
        <Span>1</Span>
        <Span>1</Span>
        <Span>1</Span>
      </AbilitySpan>
      <Costs>
        <Cost>5</Cost>
        <Cost>10</Cost>
        <Cost>15</Cost>
        <Cost>10</Cost>
      </Costs>
    </AbilityRow>
    <AbilityRow>
      <Abilities>
        <Key>WARFORSTRENGTH</Key>
        <Key>WARFORCONTROL4</Key>
        <Key>WARFORCONTROL4</Key>
        <Key>WARFORCONTROL4</Key>
      </Abilities>
      <Directions>
        <Direction>
          <Up>true</Up>
        </Direction>
        <Direction />
        <Direction />
        <Direction>
          <Up>true</Up>
        </Direction>
      </Directions>
      <AbilitySpan>
        <Span>1</Span>
        <Span>3</Span>
        <Span>0</Span>
        <Span>0</Span>
      </AbilitySpan>
      <Costs>
        <Cost>10</Cost>
        <Cost>15</Cost>
        <Cost>0</Cost>
        <Cost>0</Cost>
      </Costs>
    </AbilityRow>
  </AbilityRows>
</ForcePower>